{"stats":{"minecraft:broken":{"minecraft:wooden_pickaxe":1},"minecraft:used":{"minecraft:oak_sapling":5,"minecraft:wooden_pickaxe":55},"minecraft:mined":{"minecraft:oak_log":7,"minecraft:coal_ore":1,"minecraft:gravel":1,"minecraft:stone":49,"minecraft:oak_leaves":2},"minecraft:custom":{"minecraft:time_since_rest":9822,"minecraft:crouch_one_cm":2668,"minecraft:play_time":9822,"minecraft:sprint_one_cm":7763,"minecraft:damage_taken":32,"minecraft:walk_one_cm":6434,"minecraft:sneak_time":1377,"minecraft:mob_kills":1,"minecraft:jump":41,"minecraft:damage_dealt":120,"minecraft:time_since_death":9822,"minecraft:total_world_time":9822,"minecraft:fall_one_cm":956,"minecraft:interact_with_crafting_table":1,"minecraft:fly_one_cm":4057},"minecraft:picked_up":{"minecraft:stick":4,"minecraft:gravel":1,"minecraft:porkchop":2,"minecraft:oak_log":7,"minecraft:oak_sapling":5,"minecraft:coal":1,"minecraft:cobblestone":48},"minecraft:crafted":{"minecraft:oak_planks":28,"minecraft:wooden_pickaxe":1},"minecraft:killed":{"minecraft:pig":1}},"DataVersion":3953}