{"stats":{"minecraft:custom":{"minecraft:time_since_rest":10211,"minecraft:sprint_one_cm":52582,"minecraft:damage_taken":150,"minecraft:walk_one_cm":27381,"minecraft:mob_kills":8,"minecraft:damage_dealt":1663,"minecraft:swim_one_cm":6462,"minecraft:interact_with_crafting_table":6,"minecraft:talked_to_villager":1,"minecraft:fly_one_cm":141057,"minecraft:open_chest":5,"minecraft:crouch_one_cm":3714,"minecraft:play_time":22430,"minecraft:sneak_time":1462,"minecraft:walk_under_water_one_cm":1304,"minecraft:boat_one_cm":57565,"minecraft:jump":528,"minecraft:leave_game":2,"minecraft:time_since_death":22430,"minecraft:walk_on_water_one_cm":3572,"minecraft:sleep_in_bed":1,"minecraft:total_world_time":22430,"minecraft:fall_one_cm":17438},"minecraft:picked_up":{"minecraft:crafting_table":3,"minecraft:leather":5,"minecraft:acacia_log":14,"minecraft:sand":6,"minecraft:white_bed":2,"minecraft:acacia_boat":1,"minecraft:acacia_planks":4,"minecraft:beef":12,"minecraft:rabbit_hide":1,"minecraft:hay_block":15,"minecraft:iron_ingot":4,"minecraft:grindstone":2,"minecraft:poppy":2,"minecraft:rabbit":1,"minecraft:sugar_cane":126,"minecraft:chest":2,"minecraft:coal":22,"minecraft:cobblestone":82,"minecraft:furnace":6},"minecraft:broken":{"minecraft:wooden_pickaxe":1},"minecraft:mined":{"minecraft:hay_block":15,"minecraft:seagrass":1,"minecraft:white_bed":2,"minecraft:furnace":6,"minecraft:crafting_table":3,"minecraft:short_grass":2,"minecraft:acacia_log":14,"minecraft:coal_ore":22,"minecraft:chest":2,"minecraft:dead_bush":1,"minecraft:sand":6,"minecraft:acacia_planks":4,"minecraft:stone":82,"minecraft:grindstone":2,"minecraft:sugar_cane":58},"minecraft:crafted":{"minecraft:crafting_table":1,"minecraft:stick":8,"minecraft:wooden_pickaxe":1,"minecraft:stone_pickaxe":1,"minecraft:stone_sword":1,"minecraft:acacia_planks":56,"minecraft:stone_axe":1,"minecraft:acacia_boat":1,"minecraft:bread":45,"minecraft:wheat":135},"minecraft:killed":{"minecraft:rabbit":1,"minecraft:iron_golem":1,"minecraft:cow":6},"minecraft:used":{"minecraft:acacia_boat":1,"minecraft:stone_sword":48,"minecraft:bread":5,"minecraft:stone_pickaxe":53,"minecraft:chest":2,"minecraft:wooden_pickaxe":59,"minecraft:sugar_cane":14,"minecraft:stone_axe":69,"minecraft:sand":6,"minecraft:cobblestone":2,"minecraft:crafting_table":3,"minecraft:white_bed":1,"minecraft:acacia_planks":4}},"DataVersion":3953}