{"stats":{"minecraft:custom":{"minecraft:interact_with_furnace":4,"minecraft:mob_kills":22,"minecraft:interact_with_crafting_table":13,"minecraft:leave_game":2,"minecraft:time_since_death":6200,"minecraft:sleep_in_bed":2,"minecraft:time_since_rest":6316,"minecraft:sprint_one_cm":141715,"minecraft:damage_taken":796,"minecraft:walk_one_cm":109396,"minecraft:damage_blocked_by_shield":55,"minecraft:drop":9,"minecraft:damage_dealt":3842,"minecraft:talked_to_villager":1,"minecraft:swim_one_cm":35112,"minecraft:fly_one_cm":295917,"minecraft:open_chest":6,"minecraft:crouch_one_cm":4889,"minecraft:play_time":76430,"minecraft:deaths":1,"minecraft:sneak_time":2373,"minecraft:walk_under_water_one_cm":8979,"minecraft:boat_one_cm":159581,"minecraft:jump":1449,"minecraft:walk_on_water_one_cm":15296,"minecraft:total_world_time":76430,"minecraft:fall_one_cm":44747},"minecraft:picked_up":{"minecraft:crafting_table":5,"minecraft:leather":12,"minecraft:flint":3,"minecraft:tuff":49,"minecraft:oak_log":3,"minecraft:gunpowder":2,"minecraft:acacia_boat":1,"minecraft:lapis_lazuli":58,"minecraft:dirt":3,"minecraft:bone":4,"minecraft:acacia_planks":4,"minecraft:cobbled_deepslate":465,"minecraft:raw_gold":12,"minecraft:rabbit_hide":1,"minecraft:grindstone":2,"minecraft:iron_ingot":4,"minecraft:beef":21,"minecraft:stone_pickaxe":1,"minecraft:oak_boat":1,"minecraft:poppy":2,"minecraft:rabbit":1,"minecraft:sugar_cane":172,"minecraft:chest":2,"minecraft:egg":1,"minecraft:furnace":7,"minecraft:raw_iron":30,"minecraft:acacia_log":14,"minecraft:gravel":14,"minecraft:sand":6,"minecraft:white_bed":3,"minecraft:redstone":61,"minecraft:arrow":5,"minecraft:rotten_flesh":5,"minecraft:diamond":145,"minecraft:hay_block":15,"minecraft:granite":2,"minecraft:rail":19,"minecraft:obsidian":14,"minecraft:coal":30,"minecraft:cobblestone":159},"minecraft:dropped":{"minecraft:stone_sword":1,"minecraft:cobbled_deepslate":64,"minecraft:tuff":49,"minecraft:rotten_flesh":4,"minecraft:iron_helmet":1,"minecraft:cobblestone":64,"minecraft:iron_boots":1,"minecraft:granite":2,"minecraft:stone_pickaxe":1},"minecraft:broken":{"minecraft:stone_pickaxe":1,"minecraft:wooden_pickaxe":1},"minecraft:mined":{"minecraft:diamond_ore":1,"minecraft:tuff":50,"minecraft:white_bed":3,"minecraft:deepslate_diamond_ore":144,"minecraft:obsidian":14,"minecraft:crafting_table":5,"minecraft:granite":2,"minecraft:short_grass":3,"minecraft:acacia_log":14,"minecraft:grass_block":2,"minecraft:chest":2,"minecraft:dead_bush":1,"minecraft:tall_grass":1,"minecraft:cobblestone":3,"minecraft:deepslate_gold_ore":12,"minecraft:grindstone":2,"minecraft:sugar_cane":78,"minecraft:sculk":1,"minecraft:diorite":29,"minecraft:seagrass":1,"minecraft:hay_block":15,"minecraft:redstone_ore":14,"minecraft:furnace":7,"minecraft:cobbled_deepslate":2,"minecraft:andesite":12,"minecraft:deepslate_lapis_ore":8,"minecraft:oak_log":3,"minecraft:coal_ore":22,"minecraft:deepslate_iron_ore":27,"minecraft:rail":19,"minecraft:gravel":17,"minecraft:sand":6,"minecraft:cobweb":1,"minecraft:acacia_planks":4,"minecraft:stone":158,"minecraft:deepslate":465},"minecraft:crafted":{"minecraft:oak_planks":12,"minecraft:diamond_sword":1,"minecraft:crafting_table":2,"minecraft:wooden_pickaxe":1,"minecraft:bucket":1,"minecraft:stone_axe":1,"minecraft:bread":45,"minecraft:acacia_boat":1,"minecraft:air":0,"minecraft:oak_boat":1,"minecraft:diamond_helmet":1,"minecraft:diamond_leggings":1,"minecraft:diamond_pickaxe":1,"minecraft:shield":1,"minecraft:stick":16,"minecraft:iron_ingot":3,"minecraft:iron_pickaxe":1,"minecraft:stone_pickaxe":1,"minecraft:stone_sword":1,"minecraft:diamond_boots":1,"minecraft:acacia_planks":56,"minecraft:diamond_chestplate":1,"minecraft:wheat":135},"minecraft:killed":{"minecraft:rabbit":1,"minecraft:iron_golem":1,"minecraft:skeleton":5,"minecraft:zombie":5,"minecraft:cow":10},"minecraft:used":{"minecraft:acacia_boat":1,"minecraft:water_bucket":4,"minecraft:stone_sword":59,"minecraft:stone_pickaxe":131,"minecraft:shield":2,"minecraft:chest":2,"minecraft:wooden_pickaxe":59,"minecraft:sugar_cane":14,"minecraft:sand":6,"minecraft:crafting_table":6,"minecraft:white_bed":2,"minecraft:diamond_pickaxe":608,"minecraft:bread":17,"minecraft:iron_pickaxe":193,"minecraft:stone_axe":73,"minecraft:diamond_sword":46,"minecraft:cobblestone":20,"minecraft:furnace":1,"minecraft:bucket":5,"minecraft:oak_boat":2,"minecraft:cobbled_deepslate":113,"minecraft:acacia_planks":4},"minecraft:killed_by":{"minecraft:zombie":1}},"DataVersion":3953}