{"stats":{"minecraft:crafted":{"minecraft:crafting_table":1,"minecraft:stick":8,"minecraft:wooden_pickaxe":1,"minecraft:stone_pickaxe":1,"minecraft:stone_sword":1,"minecraft:acacia_planks":56,"minecraft:stone_axe":1,"minecraft:bread":45,"minecraft:wheat":135},"minecraft:used":{"minecraft:stone_sword":34,"minecraft:bread":3,"minecraft:stone_pickaxe":8,"minecraft:wooden_pickaxe":59,"minecraft:sugar_cane":14,"minecraft:stone_axe":46,"minecraft:sand":6,"minecraft:crafting_table":2,"minecraft:white_bed":1,"minecraft:acacia_planks":4},"minecraft:killed":{"minecraft:rabbit":1,"minecraft:iron_golem":1},"minecraft:mined":{"minecraft:seagrass":1,"minecraft:hay_block":15,"minecraft:white_bed":2,"minecraft:furnace":6,"minecraft:crafting_table":2,"minecraft:acacia_log":14,"minecraft:chest":2,"minecraft:dead_bush":1,"minecraft:sand":6,"minecraft:acacia_planks":4,"minecraft:stone":59,"minecraft:grindstone":2,"minecraft:sugar_cane":38},"minecraft:picked_up":{"minecraft:crafting_table":2,"minecraft:acacia_log":14,"minecraft:sand":6,"minecraft:white_bed":2,"minecraft:acacia_planks":4,"minecraft:rabbit_hide":1,"minecraft:hay_block":15,"minecraft:iron_ingot":4,"minecraft:grindstone":2,"minecraft:poppy":2,"minecraft:rabbit":1,"minecraft:sugar_cane":75,"minecraft:chest":2,"minecraft:cobblestone":59,"minecraft:furnace":6},"minecraft:custom":{"minecraft:time_since_rest":1664,"minecraft:sprint_one_cm":29233,"minecraft:damage_taken":50,"minecraft:walk_one_cm":18360,"minecraft:mob_kills":2,"minecraft:damage_dealt":1030,"minecraft:talked_to_villager":1,"minecraft:interact_with_crafting_table":5,"minecraft:swim_one_cm":6462,"minecraft:fly_one_cm":76704,"minecraft:open_chest":2,"minecraft:crouch_one_cm":2255,"minecraft:play_time":13883,"minecraft:sneak_time":773,"minecraft:walk_under_water_one_cm":423,"minecraft:jump":297,"minecraft:sleep_in_bed":1,"minecraft:walk_on_water_one_cm":1611,"minecraft:time_since_death":13883,"minecraft:total_world_time":13883,"minecraft:fall_one_cm":10613},"minecraft:broken":{"minecraft:wooden_pickaxe":1}},"DataVersion":3953}