{"stats":{"minecraft:used":{"minecraft:apple":1,"minecraft:stone_sword":46,"minecraft:stone_pickaxe":56,"minecraft:wooden_pickaxe":6,"minecraft:stone_axe":25,"minecraft:crafting_table":1,"minecraft:furnace":1,"minecraft:cooked_beef":2},"minecraft:mined":{"minecraft:furnace":1,"minecraft:iron_ore":2,"minecraft:crafting_table":2,"minecraft:short_grass":9,"minecraft:oak_log":32,"minecraft:grass_block":6,"minecraft:coal_ore":3,"minecraft:gravel":3,"minecraft:dirt":1,"minecraft:stone":38,"minecraft:oak_leaves":1},"minecraft:custom":{"minecraft:time_since_rest":14320,"minecraft:interact_with_furnace":12,"minecraft:sprint_one_cm":62749,"minecraft:damage_taken":217,"minecraft:walk_one_cm":42265,"minecraft:mob_kills":16,"minecraft:damage_dealt":1735,"minecraft:interact_with_crafting_table":4,"minecraft:fly_one_cm":23868,"minecraft:crouch_one_cm":162,"minecraft:play_time":14320,"minecraft:sneak_time":29,"minecraft:jump":210,"minecraft:time_since_death":14320,"minecraft:walk_on_water_one_cm":3040,"minecraft:total_world_time":14320,"minecraft:fall_one_cm":3075},"minecraft:picked_up":{"minecraft:stick":2,"minecraft:crafting_table":2,"minecraft:raw_iron":2,"minecraft:feather":2,"minecraft:chicken":2,"minecraft:leather":8,"minecraft:gravel":8,"minecraft:porkchop":7,"minecraft:flint":1,"minecraft:oak_log":32,"minecraft:spider_eye":1,"minecraft:string":3,"minecraft:dirt":34,"minecraft:apple":1,"minecraft:beef":17,"minecraft:coal":3,"minecraft:furnace":1,"minecraft:cobblestone":38,"minecraft:egg":1},"minecraft:crafted":{"minecraft:cooked_beef":16,"minecraft:oak_planks":40,"minecraft:stick":8,"minecraft:wooden_pickaxe":1,"minecraft:stone_pickaxe":1,"minecraft:stone_sword":1,"minecraft:furnace":1,"minecraft:stone_axe":1,"minecraft:air":0},"minecraft:killed":{"minecraft:skeleton":1,"minecraft:pig":4,"minecraft:chicken":2,"minecraft:spider":2,"minecraft:cow":7}},"DataVersion":3953}