{"stats":{"minecraft:dropped":{"minecraft:golden_chestplate":1},"minecraft:used":{"minecraft:apple":1,"minecraft:stone_sword":54,"minecraft:stone_pickaxe":56,"minecraft:wooden_pickaxe":6,"minecraft:stone_axe":25,"minecraft:crafting_table":1,"minecraft:furnace":1,"minecraft:cooked_beef":3},"minecraft:mined":{"minecraft:furnace":1,"minecraft:iron_ore":2,"minecraft:crafting_table":2,"minecraft:short_grass":12,"minecraft:oak_log":32,"minecraft:grass_block":6,"minecraft:coal_ore":3,"minecraft:gravel":3,"minecraft:dirt":1,"minecraft:tall_grass":1,"minecraft:stone":38,"minecraft:sugar_cane":3,"minecraft:oak_leaves":1},"minecraft:custom":{"minecraft:time_since_rest":17231,"minecraft:interact_with_furnace":12,"minecraft:sprint_one_cm":98346,"minecraft:damage_taken":335,"minecraft:walk_one_cm":47613,"minecraft:mob_kills":18,"minecraft:drop":1,"minecraft:damage_dealt":2060,"minecraft:swim_one_cm":1361,"minecraft:interact_with_crafting_table":4,"minecraft:fly_one_cm":45670,"minecraft:open_chest":1,"minecraft:crouch_one_cm":162,"minecraft:play_time":17231,"minecraft:sneak_time":29,"minecraft:walk_under_water_one_cm":483,"minecraft:jump":291,"minecraft:leave_game":1,"minecraft:time_since_death":17231,"minecraft:walk_on_water_one_cm":3289,"minecraft:total_world_time":17231,"minecraft:fall_one_cm":5374},"minecraft:picked_up":{"minecraft:stick":2,"minecraft:crafting_table":2,"minecraft:raw_iron":2,"minecraft:feather":2,"minecraft:chicken":2,"minecraft:leather":8,"minecraft:gravel":8,"minecraft:porkchop":7,"minecraft:flint":1,"minecraft:oak_log":32,"minecraft:spider_eye":1,"minecraft:string":3,"minecraft:dirt":34,"minecraft:apple":1,"minecraft:wheat_seeds":2,"minecraft:beef":17,"minecraft:sugar_cane":8,"minecraft:mutton":3,"minecraft:coal":3,"minecraft:white_wool":2,"minecraft:furnace":1,"minecraft:cobblestone":38,"minecraft:egg":1},"minecraft:crafted":{"minecraft:cooked_beef":16,"minecraft:oak_planks":40,"minecraft:stick":8,"minecraft:wooden_pickaxe":1,"minecraft:stone_pickaxe":1,"minecraft:stone_sword":1,"minecraft:furnace":1,"minecraft:stone_axe":1,"minecraft:air":0},"minecraft:killed":{"minecraft:sheep":2,"minecraft:skeleton":1,"minecraft:pig":4,"minecraft:chicken":2,"minecraft:spider":2,"minecraft:cow":7}},"DataVersion":3953}