{"stats":{"minecraft:picked_up":{"minecraft:sugar_cane":64},"minecraft:custom":{"minecraft:jump":85,"minecraft:open_chest":1,"minecraft:time_since_rest":5067,"minecraft:walk_on_water_one_cm":1740,"minecraft:sprint_one_cm":16886,"minecraft:play_time":5067,"minecraft:damage_taken":40,"minecraft:time_since_death":5067,"minecraft:walk_one_cm":24810,"minecraft:total_world_time":5067,"minecraft:fall_one_cm":2887,"minecraft:fly_one_cm":14682},"minecraft:mined":{"minecraft:short_grass":1,"minecraft:sugar_cane":26},"minecraft:used":{"minecraft:golden_apple":1}},"DataVersion":3953}