{"stats":{"minecraft:used":{"minecraft:flower_pot":1,"minecraft:golden_apple":1,"minecraft:bread":2,"minecraft:cyan_bed":1,"minecraft:enchanted_golden_apple":1},"minecraft:mined":{"minecraft:short_grass":1,"minecraft:cyan_bed":2,"minecraft:potted_cactus":1,"minecraft:sugar_cane":28},"minecraft:dropped":{"minecraft:sugar_cane":14,"minecraft:mangrove_propagule":1},"minecraft:picked_up":{"minecraft:flower_pot":1,"minecraft:rabbit":1,"minecraft:cyan_bed":2,"minecraft:sugar_cane":78,"minecraft:mangrove_propagule":1},"minecraft:custom":{"minecraft:time_since_rest":6951,"minecraft:open_chest":2,"minecraft:crouch_one_cm":1253,"minecraft:sprint_one_cm":83695,"minecraft:play_time":18211,"minecraft:damage_taken":262,"minecraft:walk_one_cm":92828,"minecraft:bell_ring":1,"minecraft:sneak_time":348,"minecraft:walk_under_water_one_cm":207,"minecraft:mob_kills":1,"minecraft:drop":9,"minecraft:jump":259,"minecraft:damage_dealt":330,"minecraft:climb_one_cm":85,"minecraft:leave_game":5,"minecraft:walk_on_water_one_cm":3706,"minecraft:time_since_death":18211,"minecraft:sleep_in_bed":1,"minecraft:total_world_time":18211,"minecraft:fall_one_cm":5523,"minecraft:fly_one_cm":47622},"minecraft:killed":{"minecraft:camel":1}},"DataVersion":3953}