{"stats":{"minecraft:killed":{"minecraft:skeleton":1,"minecraft:zombie":1,"minecraft:cow":6},"minecraft:picked_up":{"minecraft:crafting_table":12,"minecraft:wheat":52,"minecraft:cooked_beef":19,"minecraft:andesite":1,"minecraft:brown_wool":7,"minecraft:leather":7,"minecraft:wooden_pickaxe":4,"minecraft:filled_map":7,"minecraft:shield":3,"minecraft:dirt":64,"minecraft:paper":42,"minecraft:iron_axe":1,"minecraft:cooked_salmon":30,"minecraft:bone":2,"minecraft:wheat_seeds":1,"minecraft:cobbled_deepslate":9,"minecraft:spruce_planks":267,"minecraft:heart_of_the_sea":6,"minecraft:iron_ingot":9,"minecraft:beef":21,"minecraft:stone_pickaxe":2,"minecraft:poppy":1,"minecraft:moss_block":10,"minecraft:sugar_cane":21,"minecraft:furnace":8,"minecraft:stick":32,"minecraft:raw_iron":56,"minecraft:sandstone":3,"minecraft:pumpkin":6,"minecraft:sand":34,"minecraft:spruce_sapling":17,"minecraft:carrot":55,"minecraft:spruce_log":178,"minecraft:prismarine_crystals":15,"minecraft:tnt":8,"minecraft:stone_sword":1,"minecraft:arrow":4,"minecraft:rotten_flesh":12,"minecraft:stone_axe":3,"minecraft:spruce_boat":1,"minecraft:emerald":6,"minecraft:rooted_dirt":23,"minecraft:glow_berries":5,"minecraft:mutton":12,"minecraft:snowball":12,"minecraft:white_wool":2,"minecraft:cobblestone":169},"minecraft:custom":{"minecraft:interact_with_furnace":6,"minecraft:mob_kills":9,"minecraft:interact_with_crafting_table":7,"minecraft:leave_game":2,"minecraft:time_since_death":1159,"minecraft:climb_one_cm":147,"minecraft:time_since_rest":1184,"minecraft:sprint_one_cm":94598,"minecraft:damage_taken":3968,"minecraft:walk_one_cm":40094,"minecraft:drop":13,"minecraft:damage_dealt":1165,"minecraft:swim_one_cm":38434,"minecraft:fly_one_cm":239214,"minecraft:player_kills":1,"minecraft:open_chest":3,"minecraft:crouch_one_cm":4225,"minecraft:play_time":59411,"minecraft:deaths":12,"minecraft:sneak_time":2555,"minecraft:walk_under_water_one_cm":5412,"minecraft:boat_one_cm":238434,"minecraft:jump":333,"minecraft:walk_on_water_one_cm":9567,"minecraft:total_world_time":59411,"minecraft:fall_one_cm":20563},"minecraft:crafted":{"minecraft:cooked_beef":8,"minecraft:crafting_table":2,"minecraft:spruce_planks":24,"minecraft:wooden_pickaxe":1,"minecraft:furnace":1,"minecraft:air":0,"minecraft:shield":1,"minecraft:iron_axe":1,"minecraft:stick":12,"minecraft:iron_pickaxe":1,"minecraft:stone_pickaxe":1,"minecraft:snow_block":3,"minecraft:spruce_boat":1},"minecraft:killed_by":{"minecraft:skeleton":5,"minecraft:zombie":4},"minecraft:dropped":{"minecraft:bowl":1,"minecraft:crafting_table":1,"minecraft:cobblestone":15,"minecraft:rotten_flesh":8,"minecraft:dirt":28,"minecraft:spruce_log":32,"minecraft:wooden_pickaxe":3,"minecraft:white_wool":1,"minecraft:spruce_sapling":2},"minecraft:mined":{"minecraft:spruce_planks":2,"minecraft:crafting_table":4,"minecraft:grass_block":1,"minecraft:cobblestone":1,"minecraft:spruce_leaves":4,"minecraft:moss_block":4,"minecraft:sugar_cane":2,"minecraft:sandstone":3,"minecraft:rooted_dirt":19,"minecraft:furnace":1,"minecraft:iron_ore":7,"minecraft:spruce_log":21,"minecraft:pumpkin":1,"minecraft:dirt":8,"minecraft:sand":3,"minecraft:stone":65,"minecraft:deepslate":2},"minecraft:used":{"minecraft:moss_block":4,"minecraft:stone_sword":6,"minecraft:snow_block":3,"minecraft:stone_pickaxe":81,"minecraft:spruce_planks":4,"minecraft:wooden_pickaxe":5,"minecraft:dirt":4,"minecraft:sand":1,"minecraft:crafting_table":5,"minecraft:spruce_boat":2,"minecraft:iron_axe":5,"minecraft:suspicious_stew":1,"minecraft:stone_axe":15,"minecraft:cobblestone":9,"minecraft:furnace":1,"minecraft:cooked_beef":6,"minecraft:cobbled_deepslate":3,"minecraft:pumpkin":1}},"DataVersion":3953}