{"stats":{"minecraft:picked_up":{"minecraft:stick":10,"minecraft:crafting_table":3,"minecraft:brown_wool":1,"minecraft:wooden_pickaxe":2,"minecraft:spruce_sapling":7,"minecraft:spruce_log":84,"minecraft:dirt":31,"minecraft:stone_sword":1,"minecraft:rotten_flesh":8,"minecraft:stone_axe":1,"minecraft:wheat_seeds":1,"minecraft:spruce_planks":37,"minecraft:stone_pickaxe":1,"minecraft:poppy":1,"minecraft:mutton":2,"minecraft:snowball":12,"minecraft:white_wool":1,"minecraft:cobblestone":82},"minecraft:custom":{"minecraft:time_since_rest":27465,"minecraft:sprint_one_cm":11692,"minecraft:damage_taken":426,"minecraft:walk_one_cm":11923,"minecraft:drop":4,"minecraft:damage_dealt":37,"minecraft:interact_with_crafting_table":2,"minecraft:fly_one_cm":130466,"minecraft:player_kills":1,"minecraft:crouch_one_cm":12,"minecraft:play_time":27920,"minecraft:deaths":1,"minecraft:sneak_time":906,"minecraft:jump":68,"minecraft:leave_game":1,"minecraft:time_since_death":27435,"minecraft:total_world_time":27920,"minecraft:fall_one_cm":1486},"minecraft:crafted":{"minecraft:crafting_table":1,"minecraft:spruce_planks":24,"minecraft:stick":4,"minecraft:wooden_pickaxe":1,"minecraft:stone_pickaxe":1,"minecraft:snow_block":3},"minecraft:killed_by":{"minecraft:zombie":1},"minecraft:dropped":{"minecraft:rotten_flesh":4,"minecraft:wooden_pickaxe":1,"minecraft:spruce_sapling":2},"minecraft:mined":{"minecraft:spruce_log":5,"minecraft:crafting_table":2,"minecraft:dirt":7,"minecraft:spruce_leaves":3,"minecraft:stone":61},"minecraft:used":{"minecraft:stone_sword":2,"minecraft:snow_block":3,"minecraft:stone_pickaxe":58,"minecraft:wooden_pickaxe":5,"minecraft:dirt":3,"minecraft:crafting_table":2}},"DataVersion":3953}