{"stats":{"minecraft:killed":{"minecraft:cow":6},"minecraft:picked_up":{"minecraft:stick":20,"minecraft:crafting_table":6,"minecraft:pumpkin":2,"minecraft:leather":7,"minecraft:brown_wool":2,"minecraft:wooden_pickaxe":4,"minecraft:spruce_sapling":12,"minecraft:spruce_log":168,"minecraft:dirt":59,"minecraft:stone_sword":1,"minecraft:rotten_flesh":12,"minecraft:stone_axe":2,"minecraft:wheat_seeds":1,"minecraft:spruce_planks":89,"minecraft:beef":11,"minecraft:stone_pickaxe":2,"minecraft:poppy":1,"minecraft:sugar_cane":3,"minecraft:mutton":4,"minecraft:snowball":12,"minecraft:white_wool":2,"minecraft:cobblestone":161},"minecraft:custom":{"minecraft:time_since_rest":10793,"minecraft:interact_with_furnace":6,"minecraft:sprint_one_cm":70657,"minecraft:damage_taken":531,"minecraft:walk_one_cm":26193,"minecraft:mob_kills":7,"minecraft:drop":11,"minecraft:damage_dealt":874,"minecraft:swim_one_cm":19605,"minecraft:interact_with_crafting_table":5,"minecraft:fly_one_cm":166151,"minecraft:player_kills":1,"minecraft:crouch_one_cm":12,"minecraft:play_time":39920,"minecraft:deaths":2,"minecraft:sneak_time":926,"minecraft:walk_under_water_one_cm":1272,"minecraft:boat_one_cm":141975,"minecraft:jump":192,"minecraft:leave_game":1,"minecraft:walk_on_water_one_cm":4198,"minecraft:time_since_death":10770,"minecraft:total_world_time":39920,"minecraft:fall_one_cm":3216},"minecraft:crafted":{"minecraft:cooked_beef":8,"minecraft:crafting_table":1,"minecraft:spruce_planks":24,"minecraft:stick":4,"minecraft:wooden_pickaxe":1,"minecraft:stone_pickaxe":1,"minecraft:snow_block":3,"minecraft:furnace":1,"minecraft:spruce_boat":1,"minecraft:air":0},"minecraft:killed_by":{"minecraft:zombie":1},"minecraft:dropped":{"minecraft:dirt":28,"minecraft:crafting_table":1,"minecraft:cobblestone":15,"minecraft:rotten_flesh":8,"minecraft:spruce_log":32,"minecraft:wooden_pickaxe":2,"minecraft:white_wool":1,"minecraft:spruce_sapling":2},"minecraft:mined":{"minecraft:spruce_log":11,"minecraft:pumpkin":1,"minecraft:crafting_table":2,"minecraft:dirt":7,"minecraft:spruce_leaves":3,"minecraft:stone":61,"minecraft:sugar_cane":2},"minecraft:used":{"minecraft:spruce_boat":1,"minecraft:stone_sword":6,"minecraft:snow_block":3,"minecraft:stone_pickaxe":58,"minecraft:wooden_pickaxe":5,"minecraft:stone_axe":14,"minecraft:dirt":3,"minecraft:crafting_table":4,"minecraft:furnace":1,"minecraft:cooked_beef":1}},"DataVersion":3953}