{"stats":{"minecraft:picked_up":{"minecraft:wheat_seeds":1},"minecraft:custom":{"minecraft:jump":11,"minecraft:time_since_rest":15465,"minecraft:deaths":1,"minecraft:leave_game":1,"minecraft:play_time":15920,"minecraft:sprint_one_cm":1512,"minecraft:damage_taken":270,"minecraft:time_since_death":15435,"minecraft:walk_one_cm":739,"minecraft:sneak_time":860,"minecraft:total_world_time":15920,"minecraft:fall_one_cm":948,"minecraft:fly_one_cm":122974},"minecraft:killed_by":{"minecraft:zombie":1}},"DataVersion":3953}