{"stats":{"minecraft:killed":{"minecraft:sheep":2,"minecraft:zombie":8},"minecraft:picked_up":{"minecraft:stick":8,"minecraft:crafting_table":1,"minecraft:brown_wool":1,"minecraft:spruce_sapling":8,"minecraft:spruce_log":91,"minecraft:dirt":16,"minecraft:rotten_flesh":9,"minecraft:wheat_seeds":1,"minecraft:poppy":1,"minecraft:mutton":2,"minecraft:white_wool":1,"minecraft:cobblestone":28,"minecraft:egg":2},"minecraft:custom":{"minecraft:time_since_rest":2808,"minecraft:sprint_one_cm":54754,"minecraft:damage_taken":817,"minecraft:walk_one_cm":62124,"minecraft:mob_kills":10,"minecraft:drop":2,"minecraft:damage_dealt":1761,"minecraft:interact_with_crafting_table":2,"minecraft:fly_one_cm":33304,"minecraft:crouch_one_cm":496,"minecraft:play_time":18327,"minecraft:deaths":2,"minecraft:sneak_time":96,"minecraft:jump":232,"minecraft:leave_game":2,"minecraft:time_since_death":2782,"minecraft:total_world_time":18327,"minecraft:fall_one_cm":5610},"minecraft:crafted":{"minecraft:crafting_table":1,"minecraft:spruce_planks":48,"minecraft:stick":8,"minecraft:wooden_pickaxe":1,"minecraft:stone_pickaxe":1,"minecraft:stone_sword":1,"minecraft:stone_axe":1},"minecraft:killed_by":{"minecraft:player":1,"minecraft:skeleton":1},"minecraft:dropped":{"minecraft:wheat_seeds":1,"minecraft:egg":1},"minecraft:mined":{"minecraft:large_fern":5,"minecraft:spruce_log":93,"minecraft:crafting_table":1,"minecraft:short_grass":2,"minecraft:grass_block":3,"minecraft:poppy":1,"minecraft:dirt":14,"minecraft:spruce_leaves":20,"minecraft:stone":29,"minecraft:fern":4},"minecraft:used":{"minecraft:stone_sword":39,"minecraft:stone_pickaxe":9,"minecraft:wooden_pickaxe":22,"minecraft:spruce_sapling":5,"minecraft:rotten_flesh":5,"minecraft:stone_axe":94,"minecraft:dirt":1,"minecraft:crafting_table":1,"minecraft:egg":1}},"DataVersion":3953}