{"stats":{"minecraft:killed":{"minecraft:spider":2,"minecraft:sheep":2,"minecraft:zombie":12},"minecraft:picked_up":{"minecraft:crafting_table":2,"minecraft:clay_ball":44,"minecraft:andesite":3,"minecraft:brown_wool":1,"minecraft:wooden_pickaxe":2,"minecraft:potato":8,"minecraft:dirt":44,"minecraft:wheat_seeds":3,"minecraft:cobbled_deepslate":29,"minecraft:stone_pickaxe":2,"minecraft:azalea":1,"minecraft:poppy":1,"minecraft:moss_block":1,"minecraft:sugar_cane":12,"minecraft:egg":2,"minecraft:stick":8,"minecraft:raw_iron":4,"minecraft:gravel":1,"minecraft:sand":4,"minecraft:spruce_sapling":8,"minecraft:spruce_log":125,"minecraft:spider_eye":1,"minecraft:stone_sword":1,"minecraft:rotten_flesh":18,"minecraft:granite":2,"minecraft:gold_ingot":7,"minecraft:rooted_dirt":33,"minecraft:glow_berries":10,"minecraft:mutton":2,"minecraft:cobblestone":52,"minecraft:white_wool":2},"minecraft:custom":{"minecraft:interact_with_furnace":3,"minecraft:mob_kills":16,"minecraft:interact_with_crafting_table":9,"minecraft:leave_game":2,"minecraft:time_since_death":29928,"minecraft:climb_one_cm":158,"minecraft:time_since_rest":29956,"minecraft:sprint_one_cm":85812,"minecraft:damage_taken":1242,"minecraft:walk_one_cm":116290,"minecraft:drop":7,"minecraft:damage_dealt":3200,"minecraft:swim_one_cm":21131,"minecraft:fly_one_cm":87406,"minecraft:open_chest":2,"minecraft:crouch_one_cm":9343,"minecraft:play_time":48327,"minecraft:deaths":3,"minecraft:sneak_time":2310,"minecraft:walk_under_water_one_cm":9539,"minecraft:boat_one_cm":242534,"minecraft:jump":528,"minecraft:walk_on_water_one_cm":12236,"minecraft:total_world_time":48327,"minecraft:fall_one_cm":11672},"minecraft:crafted":{"minecraft:crafting_table":2,"minecraft:spruce_planks":184,"minecraft:wooden_pickaxe":1,"minecraft:furnace":1,"minecraft:stone_axe":1,"minecraft:stick":12,"minecraft:stone_pickaxe":1,"minecraft:stone_sword":1,"minecraft:spruce_boat":1},"minecraft:broken":{"minecraft:stone_pickaxe":1},"minecraft:killed_by":{"minecraft:player":1,"minecraft:skeleton":2},"minecraft:dropped":{"minecraft:wheat_seeds":3,"minecraft:filled_map":1,"minecraft:wooden_pickaxe":2,"minecraft:egg":1},"minecraft:mined":{"minecraft:clay":11,"minecraft:crafting_table":2,"minecraft:cave_vines_plant":11,"minecraft:granite":2,"minecraft:short_grass":8,"minecraft:grass_block":3,"minecraft:poppy":1,"minecraft:cobblestone":9,"minecraft:spruce_leaves":20,"minecraft:moss_block":1,"minecraft:sugar_cane":4,"minecraft:rooted_dirt":14,"minecraft:large_fern":5,"minecraft:cobbled_deepslate":2,"minecraft:spruce_log":95,"minecraft:andesite":4,"minecraft:vine":1,"minecraft:cave_vines":19,"minecraft:deepslate_iron_ore":4,"minecraft:flowering_azalea_leaves":1,"minecraft:dirt":14,"minecraft:gravel":1,"minecraft:sand":8,"minecraft:azalea_leaves":1,"minecraft:azalea":1,"minecraft:stone":32,"minecraft:deepslate":30,"minecraft:fern":4},"minecraft:used":{"minecraft:stone_sword":74,"minecraft:stone_pickaxe":85,"minecraft:wooden_pickaxe":25,"minecraft:rotten_flesh":13,"minecraft:glow_berries":20,"minecraft:dirt":1,"minecraft:crafting_table":3,"minecraft:spruce_boat":1,"minecraft:spruce_sapling":5,"minecraft:stone_axe":94,"minecraft:cobblestone":19,"minecraft:furnace":1,"minecraft:egg":1,"minecraft:cobbled_deepslate":18}},"DataVersion":3953}