{"stats":{"minecraft:killed":{"minecraft:sheep":2,"minecraft:zombie":8},"minecraft:picked_up":{"minecraft:stick":8,"minecraft:crafting_table":2,"minecraft:brown_wool":1,"minecraft:wooden_pickaxe":1,"minecraft:spruce_sapling":8,"minecraft:spruce_log":125,"minecraft:dirt":44,"minecraft:stone_sword":1,"minecraft:rotten_flesh":15,"minecraft:wheat_seeds":3,"minecraft:stone_pickaxe":1,"minecraft:poppy":1,"minecraft:sugar_cane":12,"minecraft:mutton":2,"minecraft:white_wool":2,"minecraft:cobblestone":43,"minecraft:egg":2},"minecraft:custom":{"minecraft:time_since_rest":11956,"minecraft:interact_with_furnace":1,"minecraft:sprint_one_cm":77370,"minecraft:damage_taken":992,"minecraft:walk_one_cm":85016,"minecraft:mob_kills":10,"minecraft:drop":5,"minecraft:damage_dealt":1770,"minecraft:swim_one_cm":12332,"minecraft:interact_with_crafting_table":6,"minecraft:fly_one_cm":70041,"minecraft:crouch_one_cm":1150,"minecraft:play_time":30327,"minecraft:deaths":3,"minecraft:sneak_time":164,"minecraft:walk_under_water_one_cm":2505,"minecraft:boat_one_cm":137411,"minecraft:jump":372,"minecraft:walk_on_water_one_cm":7982,"minecraft:leave_game":2,"minecraft:time_since_death":11928,"minecraft:total_world_time":30327,"minecraft:fall_one_cm":8531},"minecraft:crafted":{"minecraft:crafting_table":1,"minecraft:spruce_planks":184,"minecraft:stick":8,"minecraft:wooden_pickaxe":1,"minecraft:stone_pickaxe":1,"minecraft:stone_sword":1,"minecraft:spruce_boat":1,"minecraft:stone_axe":1},"minecraft:killed_by":{"minecraft:player":1,"minecraft:skeleton":2},"minecraft:dropped":{"minecraft:wheat_seeds":3,"minecraft:wooden_pickaxe":1,"minecraft:egg":1},"minecraft:mined":{"minecraft:large_fern":5,"minecraft:spruce_log":95,"minecraft:crafting_table":2,"minecraft:short_grass":8,"minecraft:grass_block":3,"minecraft:poppy":1,"minecraft:dirt":14,"minecraft:spruce_leaves":20,"minecraft:stone":29,"minecraft:sugar_cane":4,"minecraft:fern":4},"minecraft:used":{"minecraft:stone_sword":39,"minecraft:stone_pickaxe":9,"minecraft:wooden_pickaxe":23,"minecraft:spruce_sapling":5,"minecraft:rotten_flesh":11,"minecraft:stone_axe":94,"minecraft:dirt":1,"minecraft:cobblestone":10,"minecraft:crafting_table":2,"minecraft:egg":1}},"DataVersion":3953}