{"stats":{"minecraft:killed":{"minecraft:sheep":1},"minecraft:picked_up":{"minecraft:stick":2,"minecraft:brown_wool":1,"minecraft:wheat_seeds":1,"minecraft:poppy":1,"minecraft:spruce_log":12,"minecraft:mutton":1,"minecraft:dirt":15,"minecraft:cobblestone":21},"minecraft:custom":{"minecraft:time_since_rest":6327,"minecraft:sprint_one_cm":9235,"minecraft:play_time":6327,"minecraft:damage_taken":10,"minecraft:walk_one_cm":13368,"minecraft:mob_kills":1,"minecraft:drop":1,"minecraft:jump":46,"minecraft:damage_dealt":100,"minecraft:leave_game":2,"minecraft:time_since_death":6327,"minecraft:total_world_time":6327,"minecraft:interact_with_crafting_table":2,"minecraft:fall_one_cm":873,"minecraft:fly_one_cm":5551},"minecraft:crafted":{"minecraft:crafting_table":1,"minecraft:spruce_planks":48,"minecraft:wooden_pickaxe":1},"minecraft:dropped":{"minecraft:wheat_seeds":1},"minecraft:mined":{"minecraft:large_fern":1,"minecraft:short_grass":1,"minecraft:grass_block":2,"minecraft:poppy":1,"minecraft:dirt":13,"minecraft:spruce_leaves":2,"minecraft:spruce_log":12,"minecraft:stone":21,"minecraft:fern":2},"minecraft:used":{"minecraft:crafting_table":1,"minecraft:wooden_pickaxe":21}},"DataVersion":3953}