{"stats":{"minecraft:custom":{"minecraft:jump":40,"minecraft:time_since_rest":3760,"minecraft:damage_dealt":10,"minecraft:crouch_one_cm":264,"minecraft:leave_game":2,"minecraft:play_time":3760,"minecraft:sprint_one_cm":7125,"minecraft:time_since_death":3760,"minecraft:walk_one_cm":8801,"minecraft:sneak_time":62,"minecraft:total_world_time":3760,"minecraft:fall_one_cm":896,"minecraft:drop":1,"minecraft:fly_one_cm":4555},"minecraft:mined":{"minecraft:large_fern":4,"minecraft:spruce_leaves":7,"minecraft:spruce_log":28},"minecraft:dropped":{"minecraft:wheat_seeds":1},"minecraft:picked_up":{"minecraft:spruce_log":29,"minecraft:wheat_seeds":2}},"DataVersion":3953}