{"stats":{"minecraft:mined":{"minecraft:mossy_cobblestone":2,"minecraft:crafting_table":3,"minecraft:granite":2,"minecraft:grass_block":4,"minecraft:melon":25,"minecraft:chest":1,"minecraft:jungle_log":20,"minecraft:redstone_wire":1,"minecraft:cobblestone":4,"minecraft:wall_torch":3,"minecraft:chiseled_stone_bricks":1,"minecraft:grass":18,"minecraft:oak_log":30,"minecraft:coal_ore":64,"minecraft:vine":5,"minecraft:sand":11,"minecraft:dirt":11,"minecraft:bamboo":15,"minecraft:stone":99,"minecraft:oak_leaves":7,"minecraft:fern":2},"minecraft:crafted":{"minecraft:oak_planks":128,"minecraft:stone_shovel":1,"minecraft:crafting_table":1,"minecraft:wooden_pickaxe":1,"minecraft:furnace":1,"minecraft:stone_axe":2,"minecraft:cooked_mutton":8,"minecraft:air":0,"minecraft:jungle_planks":56,"minecraft:stick":12,"minecraft:stone_pickaxe":2,"minecraft:wooden_axe":1,"minecraft:torch":4},"minecraft:killed":{"minecraft:pig":4,"minecraft:creeper":1,"minecraft:sheep":5,"minecraft:skeleton":1,"minecraft:zombie":8},"minecraft:killed_by":{"minecraft:skeleton":1,"minecraft:spider":1,"minecraft:zombie":1,"minecraft:drowned":2},"minecraft:dropped":{"minecraft:stone_axe":1,"minecraft:stone_sword":1,"minecraft:crafting_table":1,"minecraft:bamboo":11,"minecraft:bow":1,"minecraft:wooden_pickaxe":1},"minecraft:broken":{"minecraft:stone_pickaxe":1,"minecraft:stone_axe":1},"minecraft:picked_up":{"minecraft:wooden_axe":1,"minecraft:crafting_table":7,"minecraft:jungle_log":23,"minecraft:wooden_pickaxe":1,"minecraft:oak_log":32,"minecraft:dirt":17,"minecraft:bone":1,"minecraft:apple":1,"minecraft:bow":1,"minecraft:stone_pickaxe":1,"minecraft:bamboo":112,"minecraft:melon_slice":119,"minecraft:chest":1,"minecraft:stick":10,"minecraft:chiseled_stone_bricks":1,"minecraft:torch":3,"minecraft:porkchop":9,"minecraft:sand":11,"minecraft:carrot":1,"minecraft:jungle_slab":6,"minecraft:mossy_cobblestone":1,"minecraft:stone_sword":1,"minecraft:rotten_flesh":11,"minecraft:stone_axe":2,"minecraft:lever":1,"minecraft:granite":2,"minecraft:gray_wool":1,"minecraft:oak_sapling":5,"minecraft:mutton":8,"minecraft:coal":64,"minecraft:white_wool":4,"minecraft:cobblestone":124},"minecraft:custom":{"minecraft:interact_with_furnace":5,"minecraft:mob_kills":19,"minecraft:interact_with_crafting_table":8,"minecraft:leave_game":5,"minecraft:time_since_death":38629,"minecraft:climb_one_cm":3365,"minecraft:time_since_rest":38652,"minecraft:sprint_one_cm":155125,"minecraft:damage_taken":1920,"minecraft:walk_one_cm":99530,"minecraft:drop":6,"minecraft:damage_dealt":3223,"minecraft:swim_one_cm":51434,"minecraft:fly_one_cm":113366,"minecraft:open_chest":4,"minecraft:crouch_one_cm":1156,"minecraft:play_time":57998,"minecraft:deaths":5,"minecraft:sneak_time":955,"minecraft:walk_under_water_one_cm":4856,"minecraft:jump":682,"minecraft:walk_on_water_one_cm":12183,"minecraft:total_world_time":57998,"minecraft:fall_one_cm":18168},"minecraft:used":{"minecraft:cooked_mutton":3,"minecraft:stone_shovel":4,"minecraft:stone_pickaxe":171,"minecraft:oak_planks":8,"minecraft:wooden_pickaxe":4,"minecraft:rotten_flesh":20,"minecraft:torch":7,"minecraft:sand":1,"minecraft:dirt":5,"minecraft:crafting_table":4,"minecraft:wooden_axe":30,"minecraft:apple":1,"minecraft:melon_slice":64,"minecraft:stone_axe":114,"minecraft:cobblestone":27,"minecraft:furnace":1}},"DataVersion":3465}