{"stats":{"minecraft:mined":{"minecraft:cactus":5,"minecraft:furnace":2,"minecraft:crafting_table":2,"minecraft:acacia_log":12,"minecraft:grass_block":1,"minecraft:coal_ore":14,"minecraft:dead_bush":9,"minecraft:stone":37,"minecraft:sugar_cane":44},"minecraft:crafted":{"minecraft:crafting_table":1,"minecraft:stick":12,"minecraft:wooden_pickaxe":1,"minecraft:stone_pickaxe":1,"minecraft:stone_sword":1,"minecraft:furnace":1,"minecraft:cooked_salmon":10,"minecraft:acacia_planks":28,"minecraft:stone_axe":1,"minecraft:cooked_mutton":2,"minecraft:air":0},"minecraft:killed":{"minecraft:sheep":2,"minecraft:salmon":10},"minecraft:picked_up":{"minecraft:stick":15,"minecraft:crafting_table":3,"minecraft:salmon":10,"minecraft:wooden_pickaxe":1,"minecraft:acacia_log":17,"minecraft:sand":25,"minecraft:dirt":2,"minecraft:stone_sword":1,"minecraft:cactus":14,"minecraft:acacia_planks":15,"minecraft:stone_axe":1,"minecraft:stone_pickaxe":1,"minecraft:gray_wool":2,"minecraft:sugar_cane":91,"minecraft:coal":38,"minecraft:mutton":2,"minecraft:white_wool":2,"minecraft:cobblestone":54,"minecraft:furnace":2},"minecraft:killed_by":{"minecraft:creeper":1},"minecraft:custom":{"minecraft:time_since_rest":6124,"minecraft:interact_with_furnace":5,"minecraft:sprint_one_cm":78974,"minecraft:damage_taken":565,"minecraft:walk_one_cm":20566,"minecraft:mob_kills":12,"minecraft:damage_dealt":588,"minecraft:swim_one_cm":58991,"minecraft:interact_with_crafting_table":4,"minecraft:fly_one_cm":64411,"minecraft:play_time":24112,"minecraft:deaths":1,"minecraft:sneak_time":125,"minecraft:walk_under_water_one_cm":5013,"minecraft:jump":295,"minecraft:leave_game":5,"minecraft:time_since_death":6097,"minecraft:walk_on_water_one_cm":10243,"minecraft:total_world_time":24112,"minecraft:fall_one_cm":11603},"minecraft:used":{"minecraft:cooked_mutton":2,"minecraft:stone_sword":51,"minecraft:stone_pickaxe":41,"minecraft:wooden_pickaxe":12,"minecraft:cooked_salmon":1,"minecraft:stone_axe":10,"minecraft:cobblestone":4,"minecraft:crafting_table":2,"minecraft:furnace":2}},"DataVersion":3953}