{"stats":{"minecraft:custom":{"minecraft:interact_with_furnace":15,"minecraft:mob_kills":19,"minecraft:interact_with_crafting_table":19,"minecraft:leave_game":2,"minecraft:time_since_death":59608,"minecraft:sleep_in_bed":1,"minecraft:climb_one_cm":118,"minecraft:time_since_rest":43290,"minecraft:sprint_one_cm":88144,"minecraft:damage_taken":1012,"minecraft:walk_one_cm":112475,"minecraft:damage_blocked_by_shield":25,"minecraft:drop":17,"minecraft:damage_dealt":2157,"minecraft:swim_one_cm":182525,"minecraft:fly_one_cm":23900,"minecraft:open_chest":3,"minecraft:crouch_one_cm":225,"minecraft:play_time":60153,"minecraft:deaths":1,"minecraft:sneak_time":381,"minecraft:walk_under_water_one_cm":6584,"minecraft:boat_one_cm":120084,"minecraft:jump":476,"minecraft:walk_on_water_one_cm":15708,"minecraft:total_world_time":60153,"minecraft:fall_one_cm":6400},"minecraft:picked_up":{"minecraft:crafting_table":7,"minecraft:leather_chestplate":1,"minecraft:cooked_beef":7,"minecraft:clay_ball":32,"minecraft:andesite":2,"minecraft:leather":7,"minecraft:brown_wool":3,"minecraft:brown_bed":1,"minecraft:oak_log":61,"minecraft:string":2,"minecraft:dirt":4,"minecraft:cobbled_deepslate":77,"minecraft:raw_gold":8,"minecraft:iron_ingot":14,"minecraft:beef":19,"minecraft:oak_boat":1,"minecraft:sugar_cane":15,"minecraft:oak_planks":9,"minecraft:furnace":4,"minecraft:raw_iron":19,"minecraft:stick":6,"minecraft:sandstone":1,"minecraft:sand":16,"minecraft:cactus":4,"minecraft:rotten_flesh":2,"minecraft:diamond":2,"minecraft:stone_axe":1,"minecraft:oak_sapling":21,"minecraft:coal":142,"minecraft:mangrove_propagule":2,"minecraft:mutton":6,"minecraft:white_wool":1,"minecraft:cobblestone":128},"minecraft:broken":{"minecraft:stone_pickaxe":1},"minecraft:dropped":{"minecraft:oak_door":2,"minecraft:stone_axe":2,"minecraft:feather":5,"minecraft:cobblestone":3,"minecraft:clay_ball":32,"minecraft:dirt":4,"minecraft:leather_chestplate":1,"minecraft:andesite":1,"minecraft:oak_sapling":21,"minecraft:stone_pickaxe":1},"minecraft:mined":{"minecraft:deepslate_diamond_ore":2,"minecraft:clay":34,"minecraft:crafting_table":7,"minecraft:grass_block":3,"minecraft:dead_bush":2,"minecraft:cobblestone":46,"minecraft:oak_planks":1,"minecraft:sugar_cane":6,"minecraft:diorite":15,"minecraft:mangrove_propagule":2,"minecraft:sandstone":1,"minecraft:cactus":3,"minecraft:furnace":4,"minecraft:iron_ore":19,"minecraft:cobbled_deepslate":12,"minecraft:suspicious_sand":1,"minecraft:andesite":2,"minecraft:brown_bed":1,"minecraft:oak_log":61,"minecraft:coal_ore":81,"minecraft:dirt":1,"minecraft:sand":16,"minecraft:stone":79,"minecraft:gold_ore":8,"minecraft:oak_leaves":8,"minecraft:deepslate":67},"minecraft:crafted":{"minecraft:cooked_beef":12,"minecraft:oak_door":3,"minecraft:oak_planks":244,"minecraft:stone_shovel":1,"minecraft:crafting_table":3,"minecraft:wooden_pickaxe":1,"minecraft:furnace":2,"minecraft:brown_bed":1,"minecraft:stone_axe":3,"minecraft:air":0,"minecraft:oak_boat":1,"minecraft:iron_boots":1,"minecraft:shield":1,"minecraft:stick":32,"minecraft:iron_ingot":5,"minecraft:iron_pickaxe":1,"minecraft:stone_pickaxe":2,"minecraft:iron_leggings":1,"minecraft:torch":68},"minecraft:killed":{"minecraft:spider":1,"minecraft:skeleton":1,"minecraft:sheep":4,"minecraft:zombie":4,"minecraft:cow":8},"minecraft:used":{"minecraft:stone_shovel":36,"minecraft:stone_pickaxe":199,"minecraft:oak_planks":2,"minecraft:shield":1,"minecraft:wooden_pickaxe":23,"minecraft:sandstone":1,"minecraft:oak_door":1,"minecraft:torch":19,"minecraft:sand":16,"minecraft:crafting_table":10,"minecraft:iron_pickaxe":115,"minecraft:stone_axe":103,"minecraft:cobblestone":96,"minecraft:furnace":4,"minecraft:andesite":1,"minecraft:oak_boat":1,"minecraft:cooked_beef":9,"minecraft:cobbled_deepslate":73,"minecraft:brown_bed":1},"minecraft:killed_by":{"minecraft:zombie":1}},"DataVersion":3953}