{"stats":{"minecraft:mined":{"minecraft:acacia_log":7,"minecraft:grass_block":1,"minecraft:coal_ore":14,"minecraft:furnace":1,"minecraft:stone":37,"minecraft:crafting_table":2},"minecraft:crafted":{"minecraft:stone_sword":1,"minecraft:furnace":1,"minecraft:acacia_planks":28,"minecraft:stone_axe":1,"minecraft:crafting_table":1,"minecraft:air":0,"minecraft:stick":12,"minecraft:cooked_mutton":2,"minecraft:stone_pickaxe":1,"minecraft:wooden_pickaxe":1},"minecraft:killed":{"minecraft:sheep":2},"minecraft:picked_up":{"minecraft:crafting_table":2,"minecraft:acacia_log":7,"minecraft:gray_wool":1,"minecraft:white_wool":1,"minecraft:coal":27,"minecraft:mutton":2,"minecraft:dirt":1,"minecraft:cobblestone":37,"minecraft:furnace":1},"minecraft:custom":{"minecraft:time_since_rest":14643,"minecraft:interact_with_furnace":3,"minecraft:sprint_one_cm":16770,"minecraft:play_time":14643,"minecraft:damage_taken":180,"minecraft:walk_one_cm":13257,"minecraft:mob_kills":2,"minecraft:jump":108,"minecraft:damage_dealt":140,"minecraft:leave_game":3,"minecraft:time_since_death":14643,"minecraft:total_world_time":14643,"minecraft:interact_with_crafting_table":4,"minecraft:fall_one_cm":4613,"minecraft:fly_one_cm":13249},"minecraft:used":{"minecraft:cooked_mutton":1,"minecraft:cobblestone":4,"minecraft:crafting_table":2,"minecraft:furnace":1,"minecraft:stone_pickaxe":40,"minecraft:wooden_pickaxe":12,"minecraft:stone_axe":2}},"DataVersion":3953}