{"stats":{"minecraft:killed_by":{"minecraft:spider":1,"minecraft:zombie":1,"minecraft:drowned":2},"minecraft:mined":{"minecraft:grass":7,"minecraft:grass_block":1,"minecraft:melon":3,"minecraft:vine":3,"minecraft:jungle_log":8,"minecraft:sand":6,"minecraft:bamboo":1,"minecraft:oak_leaves":1,"minecraft:fern":1},"minecraft:picked_up":{"minecraft:jungle_log":8,"minecraft:sand":6,"minecraft:bamboo":10,"minecraft:melon_slice":15,"minecraft:dirt":1},"minecraft:crafted":{"minecraft:crafting_table":1,"minecraft:stick":4,"minecraft:jungle_planks":16},"minecraft:used":{"minecraft:dirt":1,"minecraft:crafting_table":1,"minecraft:melon_slice":4},"minecraft:custom":{"minecraft:time_since_rest":1616,"minecraft:crouch_one_cm":25,"minecraft:sprint_one_cm":25985,"minecraft:play_time":11888,"minecraft:damage_taken":1283,"minecraft:deaths":4,"minecraft:walk_one_cm":15208,"minecraft:sneak_time":367,"minecraft:walk_under_water_one_cm":2245,"minecraft:jump":179,"minecraft:damage_dealt":45,"minecraft:leave_game":2,"minecraft:time_since_death":1594,"minecraft:walk_on_water_one_cm":3732,"minecraft:climb_one_cm":759,"minecraft:total_world_time":11888,"minecraft:interact_with_crafting_table":1,"minecraft:swim_one_cm":17738,"minecraft:fall_one_cm":7271,"minecraft:fly_one_cm":47983}},"DataVersion":3465}