{"stats":{"minecraft:custom":{"minecraft:time_since_rest":6589,"minecraft:interact_with_furnace":4,"minecraft:sprint_one_cm":64537,"minecraft:damage_taken":650,"minecraft:walk_one_cm":75693,"minecraft:mob_kills":15,"minecraft:damage_dealt":1436,"minecraft:interact_with_crafting_table":6,"minecraft:swim_one_cm":114594,"minecraft:fly_one_cm":14906,"minecraft:crouch_one_cm":99,"minecraft:play_time":23452,"minecraft:deaths":1,"minecraft:sneak_time":179,"minecraft:walk_under_water_one_cm":2630,"minecraft:jump":166,"minecraft:climb_one_cm":118,"minecraft:walk_on_water_one_cm":12267,"minecraft:time_since_death":22907,"minecraft:sleep_in_bed":1,"minecraft:total_world_time":23452,"minecraft:fall_one_cm":3326},"minecraft:picked_up":{"minecraft:stick":6,"minecraft:crafting_table":3,"minecraft:cooked_beef":7,"minecraft:brown_wool":3,"minecraft:leather":7,"minecraft:brown_bed":1,"minecraft:sand":14,"minecraft:oak_log":61,"minecraft:dirt":4,"minecraft:cactus":4,"minecraft:rotten_flesh":2,"minecraft:beef":19,"minecraft:mangrove_propagule":2,"minecraft:oak_sapling":7,"minecraft:mutton":6,"minecraft:sugar_cane":15,"minecraft:oak_planks":3,"minecraft:white_wool":1,"minecraft:cobblestone":23,"minecraft:furnace":1},"minecraft:mined":{"minecraft:cactus":3,"minecraft:furnace":1,"minecraft:suspicious_sand":1,"minecraft:brown_bed":1,"minecraft:crafting_table":3,"minecraft:grass_block":3,"minecraft:oak_log":61,"minecraft:dead_bush":2,"minecraft:sand":14,"minecraft:dirt":1,"minecraft:stone":23,"minecraft:sugar_cane":6,"minecraft:mangrove_propagule":2,"minecraft:oak_leaves":8},"minecraft:crafted":{"minecraft:cooked_beef":5,"minecraft:oak_planks":20,"minecraft:crafting_table":1,"minecraft:stick":4,"minecraft:wooden_pickaxe":1,"minecraft:stone_pickaxe":1,"minecraft:furnace":1,"minecraft:brown_bed":1,"minecraft:stone_axe":2,"minecraft:air":0},"minecraft:used":{"minecraft:stone_pickaxe":1,"minecraft:wooden_pickaxe":23,"minecraft:stone_axe":87,"minecraft:sand":12,"minecraft:crafting_table":3,"minecraft:furnace":1,"minecraft:cooked_beef":4,"minecraft:brown_bed":1},"minecraft:killed":{"minecraft:sheep":4,"minecraft:zombie":2,"minecraft:cow":8},"minecraft:killed_by":{"minecraft:zombie":1}},"DataVersion":3953}