{"stats":{"minecraft:mined":{"minecraft:grass":3,"minecraft:grass_block":1,"minecraft:jungle_log":3,"minecraft:sand":6},"minecraft:picked_up":{"minecraft:sand":6,"minecraft:jungle_log":3,"minecraft:dirt":1},"minecraft:used":{"minecraft:dirt":1},"minecraft:custom":{"minecraft:jump":79,"minecraft:time_since_rest":5204,"minecraft:leave_game":1,"minecraft:damage_dealt":45,"minecraft:crouch_one_cm":5,"minecraft:sprint_one_cm":11338,"minecraft:play_time":5204,"minecraft:damage_taken":62,"minecraft:time_since_death":5204,"minecraft:walk_one_cm":9168,"minecraft:sneak_time":133,"minecraft:climb_one_cm":115,"minecraft:total_world_time":5204,"minecraft:fall_one_cm":2357,"minecraft:fly_one_cm":11983}},"DataVersion":3465}