{"stats":{"minecraft:killed_by":{"minecraft:zombie":1,"minecraft:player":1},"minecraft:picked_up":{"minecraft:crafting_table":1,"minecraft:rotten_flesh":1,"minecraft:sand":91},"minecraft:used":{"minecraft:sand":59},"minecraft:killed":{"minecraft:zombie":2},"minecraft:mined":{"minecraft:flowering_azalea_leaves":1,"minecraft:sand":53,"minecraft:crafting_table":1},"minecraft:custom":{"minecraft:time_since_rest":4422,"minecraft:crouch_one_cm":191,"minecraft:sprint_one_cm":59819,"minecraft:play_time":35739,"minecraft:deaths":2,"minecraft:damage_taken":608,"minecraft:walk_one_cm":57868,"minecraft:sneak_time":113,"minecraft:walk_under_water_one_cm":771,"minecraft:mob_kills":2,"minecraft:jump":279,"minecraft:damage_dealt":275,"minecraft:leave_game":10,"minecraft:walk_on_water_one_cm":896,"minecraft:time_since_death":4384,"minecraft:total_world_time":35739,"minecraft:swim_one_cm":1380,"minecraft:fall_one_cm":10691,"minecraft:fly_one_cm":52245}},"DataVersion":3465}