{"stats":{"minecraft:broken":{"minecraft:stone_pickaxe":1,"minecraft:stone_axe":1},"minecraft:killed":{"minecraft:pig":13,"minecraft:creeper":1,"minecraft:skeleton":1,"minecraft:sheep":8,"minecraft:zombie":8,"minecraft:cow":12},"minecraft:dropped":{"minecraft:stone_axe":1,"minecraft:stone_sword":1,"minecraft:crafting_table":1,"minecraft:bamboo":11,"minecraft:bow":1,"minecraft:wooden_pickaxe":1,"minecraft:stone_pickaxe":1},"minecraft:crafted":{"minecraft:cooked_beef":8,"minecraft:oak_planks":128,"minecraft:stone_shovel":1,"minecraft:cooked_porkchop":16,"minecraft:crafting_table":1,"minecraft:wooden_pickaxe":1,"minecraft:furnace":1,"minecraft:stone_axe":2,"minecraft:cooked_mutton":8,"minecraft:air":0,"minecraft:jungle_planks":56,"minecraft:oak_boat":1,"minecraft:stick":12,"minecraft:stone_pickaxe":2,"minecraft:wooden_axe":1,"minecraft:chest":1,"minecraft:white_bed":1,"minecraft:torch":4},"minecraft:mined":{"minecraft:white_bed":2,"minecraft:mossy_cobblestone":2,"minecraft:kelp_plant":20,"minecraft:crafting_table":6,"minecraft:granite":2,"minecraft:grass_block":4,"minecraft:melon":25,"minecraft:chest":3,"minecraft:jungle_log":20,"minecraft:redstone_wire":1,"minecraft:tall_grass":3,"minecraft:cobblestone":4,"minecraft:kelp":4,"minecraft:wall_torch":3,"minecraft:chiseled_stone_bricks":1,"minecraft:furnace":2,"minecraft:iron_ore":1,"minecraft:grass":21,"minecraft:oak_log":30,"minecraft:coal_ore":73,"minecraft:vine":5,"minecraft:sand":15,"minecraft:dirt":13,"minecraft:bamboo":15,"minecraft:stone":103,"minecraft:oak_leaves":9,"minecraft:fern":2},"minecraft:picked_up":{"minecraft:wooden_axe":1,"minecraft:crafting_table":10,"minecraft:jungle_log":23,"minecraft:leather":3,"minecraft:wooden_pickaxe":1,"minecraft:oak_log":32,"minecraft:dirt":19,"minecraft:bone":1,"minecraft:apple":1,"minecraft:kelp":5,"minecraft:bow":1,"minecraft:stone_pickaxe":2,"minecraft:beef":25,"minecraft:bamboo":112,"minecraft:melon_slice":119,"minecraft:chest":3,"minecraft:furnace":2,"minecraft:stick":10,"minecraft:raw_iron":1,"minecraft:chiseled_stone_bricks":1,"minecraft:torch":3,"minecraft:porkchop":29,"minecraft:sand":12,"minecraft:white_bed":2,"minecraft:carrot":1,"minecraft:jungle_slab":6,"minecraft:mossy_cobblestone":1,"minecraft:stone_sword":1,"minecraft:rotten_flesh":11,"minecraft:stone_axe":2,"minecraft:lever":1,"minecraft:granite":2,"minecraft:gray_wool":1,"minecraft:oak_sapling":5,"minecraft:mutton":12,"minecraft:coal":182,"minecraft:white_wool":7,"minecraft:cobblestone":128},"minecraft:used":{"minecraft:cooked_mutton":8,"minecraft:stone_pickaxe":187,"minecraft:stone_shovel":4,"minecraft:oak_planks":8,"minecraft:chest":3,"minecraft:wooden_pickaxe":4,"minecraft:rotten_flesh":20,"minecraft:torch":7,"minecraft:sand":1,"minecraft:dirt":7,"minecraft:crafting_table":7,"minecraft:white_bed":2,"minecraft:wooden_axe":30,"minecraft:apple":1,"minecraft:melon_slice":64,"minecraft:stone_axe":159,"minecraft:cobblestone":27,"minecraft:beef":1,"minecraft:furnace":2,"minecraft:cooked_porkchop":7,"minecraft:oak_boat":1},"minecraft:killed_by":{"minecraft:skeleton":1,"minecraft:spider":1,"minecraft:zombie":1,"minecraft:drowned":2},"minecraft:custom":{"minecraft:interact_with_furnace":10,"minecraft:mob_kills":43,"minecraft:interact_with_crafting_table":12,"minecraft:leave_game":7,"minecraft:time_since_death":2591,"minecraft:sleep_in_bed":2,"minecraft:climb_one_cm":3680,"minecraft:time_since_rest":2470,"minecraft:sprint_one_cm":256916,"minecraft:damage_taken":2528,"minecraft:walk_one_cm":135483,"minecraft:drop":7,"minecraft:damage_dealt":5563,"minecraft:swim_one_cm":132182,"minecraft:fly_one_cm":157775,"minecraft:open_chest":25,"minecraft:crouch_one_cm":1235,"minecraft:play_time":94030,"minecraft:deaths":7,"minecraft:sneak_time":1102,"minecraft:boat_one_cm":61695,"minecraft:walk_under_water_one_cm":9256,"minecraft:jump":979,"minecraft:walk_on_water_one_cm":17895,"minecraft:total_world_time":94030,"minecraft:fall_one_cm":21548}},"DataVersion":3465}