{"stats":{"minecraft:custom":{"minecraft:interact_with_furnace":7,"minecraft:mob_kills":16,"minecraft:interact_with_crafting_table":16,"minecraft:leave_game":1,"minecraft:time_since_death":42354,"minecraft:sleep_in_bed":1,"minecraft:climb_one_cm":118,"minecraft:time_since_rest":26036,"minecraft:sprint_one_cm":66462,"minecraft:damage_taken":890,"minecraft:walk_one_cm":82658,"minecraft:drop":9,"minecraft:damage_dealt":1637,"minecraft:swim_one_cm":182525,"minecraft:fly_one_cm":15343,"minecraft:open_chest":2,"minecraft:crouch_one_cm":222,"minecraft:play_time":42899,"minecraft:deaths":1,"minecraft:sneak_time":350,"minecraft:walk_under_water_one_cm":6040,"minecraft:boat_one_cm":120084,"minecraft:jump":297,"minecraft:walk_on_water_one_cm":14790,"minecraft:total_world_time":42899,"minecraft:fall_one_cm":3895},"minecraft:picked_up":{"minecraft:crafting_table":5,"minecraft:leather_chestplate":1,"minecraft:cooked_beef":7,"minecraft:clay_ball":32,"minecraft:leather":7,"minecraft:brown_wool":3,"minecraft:brown_bed":1,"minecraft:oak_log":61,"minecraft:dirt":4,"minecraft:cobbled_deepslate":62,"minecraft:beef":19,"minecraft:oak_boat":1,"minecraft:sugar_cane":15,"minecraft:oak_planks":4,"minecraft:furnace":1,"minecraft:raw_iron":5,"minecraft:stick":6,"minecraft:sandstone":1,"minecraft:sand":16,"minecraft:cactus":4,"minecraft:rotten_flesh":2,"minecraft:oak_sapling":14,"minecraft:coal":18,"minecraft:mangrove_propagule":2,"minecraft:mutton":6,"minecraft:white_wool":1,"minecraft:cobblestone":81},"minecraft:broken":{"minecraft:stone_pickaxe":1},"minecraft:dropped":{"minecraft:oak_door":2,"minecraft:cobblestone":1,"minecraft:clay_ball":32,"minecraft:dirt":4,"minecraft:leather_chestplate":1,"minecraft:oak_sapling":7},"minecraft:mined":{"minecraft:clay":34,"minecraft:crafting_table":5,"minecraft:grass_block":3,"minecraft:dead_bush":2,"minecraft:cobblestone":15,"minecraft:oak_planks":1,"minecraft:sugar_cane":6,"minecraft:diorite":15,"minecraft:mangrove_propagule":2,"minecraft:sandstone":1,"minecraft:cactus":3,"minecraft:furnace":1,"minecraft:iron_ore":5,"minecraft:cobbled_deepslate":3,"minecraft:suspicious_sand":1,"minecraft:brown_bed":1,"minecraft:oak_log":61,"minecraft:coal_ore":18,"minecraft:dirt":1,"minecraft:sand":16,"minecraft:stone":65,"minecraft:oak_leaves":8,"minecraft:deepslate":61},"minecraft:crafted":{"minecraft:cooked_beef":5,"minecraft:oak_door":3,"minecraft:oak_planks":244,"minecraft:stone_shovel":1,"minecraft:crafting_table":3,"minecraft:wooden_pickaxe":1,"minecraft:furnace":1,"minecraft:brown_bed":1,"minecraft:stone_axe":2,"minecraft:air":0,"minecraft:oak_boat":1,"minecraft:shield":1,"minecraft:stick":12,"minecraft:iron_ingot":4,"minecraft:iron_pickaxe":1,"minecraft:stone_pickaxe":2},"minecraft:killed":{"minecraft:sheep":4,"minecraft:zombie":3,"minecraft:cow":8},"minecraft:used":{"minecraft:stone_shovel":36,"minecraft:stone_pickaxe":162,"minecraft:oak_planks":1,"minecraft:wooden_pickaxe":23,"minecraft:oak_door":1,"minecraft:sand":12,"minecraft:crafting_table":8,"minecraft:stone_axe":94,"minecraft:cobblestone":60,"minecraft:furnace":2,"minecraft:oak_boat":1,"minecraft:cooked_beef":7,"minecraft:cobbled_deepslate":39,"minecraft:brown_bed":1},"minecraft:killed_by":{"minecraft:zombie":1}},"DataVersion":3953}