{"stats":{"minecraft:killed_by":{"minecraft:player":1},"minecraft:dropped":{"minecraft:leather":1,"minecraft:beef":1,"minecraft:stick":2},"minecraft:broken":{"minecraft:wooden_pickaxe":1},"minecraft:used":{"minecraft:stone_sword":1,"minecraft:stone_pickaxe":54,"minecraft:wooden_pickaxe":31,"minecraft:dirt":6,"minecraft:cobblestone":3,"minecraft:crafting_table":1},"minecraft:mined":{"minecraft:iron_ore":8,"minecraft:crafting_table":1,"minecraft:short_grass":2,"minecraft:coal_ore":31,"minecraft:grass_block":2,"minecraft:oak_log":15,"minecraft:deepslate_iron_ore":4,"minecraft:dirt":4,"minecraft:stone":42,"minecraft:oak_leaves":13},"minecraft:custom":{"minecraft:time_since_rest":9089,"minecraft:sprint_one_cm":40869,"minecraft:damage_taken":271,"minecraft:walk_one_cm":26789,"minecraft:drop":4,"minecraft:damage_dealt":271,"minecraft:fly_one_cm":21662,"minecraft:interact_with_crafting_table":4,"minecraft:player_kills":1,"minecraft:crouch_one_cm":1074,"minecraft:play_time":11728,"minecraft:deaths":1,"minecraft:sneak_time":423,"minecraft:jump":252,"minecraft:leave_game":1,"minecraft:time_since_death":9057,"minecraft:total_world_time":11728,"minecraft:fall_one_cm":5730},"minecraft:picked_up":{"minecraft:raw_iron":12,"minecraft:stick":16,"minecraft:crafting_table":1,"minecraft:leather":1,"minecraft:wooden_pickaxe":1,"minecraft:oak_log":15,"minecraft:dirt":6,"minecraft:beef":1,"minecraft:oak_planks":21,"minecraft:coal":28,"minecraft:cobblestone":41},"minecraft:crafted":{"minecraft:oak_planks":48,"minecraft:crafting_table":1,"minecraft:wooden_pickaxe":1,"minecraft:stone_pickaxe":1,"minecraft:stone_sword":1}},"DataVersion":3953}