{"stats":{"minecraft:broken":{"minecraft:stone_pickaxe":1,"minecraft:stone_axe":1},"minecraft:killed":{"minecraft:pig":7,"minecraft:creeper":1,"minecraft:sheep":5,"minecraft:skeleton":1,"minecraft:zombie":8},"minecraft:crafted":{"minecraft:oak_planks":128,"minecraft:stone_shovel":1,"minecraft:cooked_porkchop":9,"minecraft:crafting_table":1,"minecraft:wooden_pickaxe":1,"minecraft:furnace":1,"minecraft:stone_axe":2,"minecraft:cooked_mutton":8,"minecraft:air":0,"minecraft:jungle_planks":56,"minecraft:stick":12,"minecraft:stone_pickaxe":2,"minecraft:wooden_axe":1,"minecraft:torch":4},"minecraft:dropped":{"minecraft:stone_axe":1,"minecraft:stone_sword":1,"minecraft:crafting_table":1,"minecraft:bamboo":11,"minecraft:bow":1,"minecraft:wooden_pickaxe":1},"minecraft:mined":{"minecraft:mossy_cobblestone":2,"minecraft:crafting_table":4,"minecraft:granite":2,"minecraft:grass_block":4,"minecraft:melon":25,"minecraft:chest":1,"minecraft:jungle_log":20,"minecraft:redstone_wire":1,"minecraft:cobblestone":4,"minecraft:wall_torch":3,"minecraft:chiseled_stone_bricks":1,"minecraft:furnace":1,"minecraft:iron_ore":1,"minecraft:grass":18,"minecraft:oak_log":30,"minecraft:coal_ore":67,"minecraft:vine":5,"minecraft:sand":11,"minecraft:dirt":13,"minecraft:bamboo":15,"minecraft:stone":101,"minecraft:oak_leaves":9,"minecraft:fern":2},"minecraft:picked_up":{"minecraft:wooden_axe":1,"minecraft:crafting_table":8,"minecraft:jungle_log":23,"minecraft:wooden_pickaxe":1,"minecraft:oak_log":32,"minecraft:dirt":19,"minecraft:bone":1,"minecraft:apple":1,"minecraft:bow":1,"minecraft:stone_pickaxe":1,"minecraft:bamboo":112,"minecraft:melon_slice":119,"minecraft:chest":1,"minecraft:furnace":1,"minecraft:raw_iron":1,"minecraft:stick":10,"minecraft:chiseled_stone_bricks":1,"minecraft:torch":3,"minecraft:porkchop":16,"minecraft:sand":11,"minecraft:carrot":1,"minecraft:jungle_slab":6,"minecraft:mossy_cobblestone":1,"minecraft:stone_sword":1,"minecraft:rotten_flesh":11,"minecraft:stone_axe":2,"minecraft:lever":1,"minecraft:granite":2,"minecraft:gray_wool":1,"minecraft:oak_sapling":5,"minecraft:mutton":8,"minecraft:coal":115,"minecraft:white_wool":4,"minecraft:cobblestone":126},"minecraft:used":{"minecraft:cooked_mutton":6,"minecraft:stone_pickaxe":178,"minecraft:stone_shovel":4,"minecraft:oak_planks":8,"minecraft:wooden_pickaxe":4,"minecraft:rotten_flesh":20,"minecraft:torch":7,"minecraft:sand":1,"minecraft:dirt":7,"minecraft:crafting_table":4,"minecraft:wooden_axe":30,"minecraft:apple":1,"minecraft:melon_slice":64,"minecraft:stone_axe":122,"minecraft:cobblestone":27,"minecraft:furnace":1,"minecraft:cooked_porkchop":4},"minecraft:killed_by":{"minecraft:skeleton":1,"minecraft:spider":1,"minecraft:zombie":1,"minecraft:drowned":2},"minecraft:custom":{"minecraft:interact_with_furnace":7,"minecraft:mob_kills":22,"minecraft:interact_with_crafting_table":8,"minecraft:leave_game":6,"minecraft:time_since_death":51894,"minecraft:climb_one_cm":3371,"minecraft:time_since_rest":51917,"minecraft:sprint_one_cm":185670,"minecraft:damage_taken":2039,"minecraft:walk_one_cm":112333,"minecraft:drop":6,"minecraft:damage_dealt":3523,"minecraft:swim_one_cm":76155,"minecraft:fly_one_cm":119779,"minecraft:open_chest":4,"minecraft:crouch_one_cm":1156,"minecraft:play_time":71263,"minecraft:deaths":5,"minecraft:sneak_time":995,"minecraft:walk_under_water_one_cm":6546,"minecraft:jump":743,"minecraft:walk_on_water_one_cm":15583,"minecraft:total_world_time":71263,"minecraft:fall_one_cm":18168}},"DataVersion":3465}