{"stats":{"minecraft:mined":{"minecraft:crafting_table":2,"minecraft:oak_log":25,"minecraft:grass":12,"minecraft:grass_block":1,"minecraft:melon":4,"minecraft:vine":4,"minecraft:jungle_log":19,"minecraft:dirt":6,"minecraft:sand":7,"minecraft:bamboo":15,"minecraft:stone":13,"minecraft:oak_leaves":4,"minecraft:fern":2},"minecraft:killed_by":{"minecraft:drowned":2,"minecraft:skeleton":1,"minecraft:spider":1,"minecraft:zombie":1},"minecraft:killed":{"minecraft:skeleton":1,"minecraft:zombie":4,"minecraft:creeper":1},"minecraft:dropped":{"minecraft:stone_axe":1,"minecraft:stone_sword":1,"minecraft:crafting_table":1,"minecraft:bamboo":11,"minecraft:bow":1,"minecraft:wooden_pickaxe":1},"minecraft:picked_up":{"minecraft:wooden_axe":1,"minecraft:stick":10,"minecraft:crafting_table":6,"minecraft:jungle_log":22,"minecraft:wooden_pickaxe":1,"minecraft:sand":7,"minecraft:oak_log":31,"minecraft:carrot":1,"minecraft:jungle_slab":6,"minecraft:dirt":9,"minecraft:stone_sword":1,"minecraft:bone":1,"minecraft:rotten_flesh":8,"minecraft:stone_axe":2,"minecraft:bow":1,"minecraft:stone_pickaxe":1,"minecraft:bamboo":97,"minecraft:oak_sapling":5,"minecraft:melon_slice":25,"minecraft:cobblestone":47},"minecraft:crafted":{"minecraft:crafting_table":1,"minecraft:stick":12,"minecraft:wooden_pickaxe":1,"minecraft:stone_pickaxe":1,"minecraft:wooden_axe":1,"minecraft:stone_axe":1,"minecraft:jungle_planks":56},"minecraft:used":{"minecraft:wooden_axe":22,"minecraft:melon_slice":16,"minecraft:stone_pickaxe":9,"minecraft:wooden_pickaxe":4,"minecraft:rotten_flesh":2,"minecraft:stone_axe":59,"minecraft:sand":1,"minecraft:dirt":3,"minecraft:crafting_table":2},"minecraft:custom":{"minecraft:time_since_rest":4542,"minecraft:sprint_one_cm":45351,"minecraft:damage_taken":1740,"minecraft:walk_one_cm":41560,"minecraft:mob_kills":6,"minecraft:drop":6,"minecraft:damage_dealt":1364,"minecraft:swim_one_cm":34661,"minecraft:interact_with_crafting_table":4,"minecraft:fly_one_cm":58091,"minecraft:crouch_one_cm":25,"minecraft:play_time":23888,"minecraft:deaths":5,"minecraft:sneak_time":443,"minecraft:walk_under_water_one_cm":3966,"minecraft:jump":280,"minecraft:leave_game":2,"minecraft:walk_on_water_one_cm":5418,"minecraft:time_since_death":4519,"minecraft:total_world_time":23888,"minecraft:climb_one_cm":1711,"minecraft:fall_one_cm":9595}},"DataVersion":3465}