{"stats":{"minecraft:killed_by":{"minecraft:skeleton":1,"minecraft:spider":1,"minecraft:zombie":1,"minecraft:drowned":2},"minecraft:mined":{"minecraft:mossy_cobblestone":2,"minecraft:crafting_table":2,"minecraft:granite":1,"minecraft:grass_block":1,"minecraft:melon":14,"minecraft:chest":1,"minecraft:jungle_log":20,"minecraft:redstone_wire":1,"minecraft:cobblestone":4,"minecraft:wall_torch":3,"minecraft:chiseled_stone_bricks":1,"minecraft:grass":12,"minecraft:oak_log":30,"minecraft:coal_ore":25,"minecraft:vine":5,"minecraft:sand":7,"minecraft:dirt":6,"minecraft:bamboo":15,"minecraft:stone":36,"minecraft:oak_leaves":7,"minecraft:fern":2},"minecraft:killed":{"minecraft:creeper":1,"minecraft:sheep":4,"minecraft:skeleton":1,"minecraft:zombie":6},"minecraft:dropped":{"minecraft:stone_axe":1,"minecraft:stone_sword":1,"minecraft:crafting_table":1,"minecraft:bamboo":11,"minecraft:bow":1,"minecraft:wooden_pickaxe":1},"minecraft:picked_up":{"minecraft:wooden_axe":1,"minecraft:crafting_table":6,"minecraft:jungle_log":23,"minecraft:wooden_pickaxe":1,"minecraft:oak_log":32,"minecraft:dirt":9,"minecraft:bone":1,"minecraft:apple":1,"minecraft:bow":1,"minecraft:stone_pickaxe":1,"minecraft:bamboo":112,"minecraft:melon_slice":70,"minecraft:chest":1,"minecraft:stick":10,"minecraft:chiseled_stone_bricks":1,"minecraft:torch":3,"minecraft:sand":7,"minecraft:carrot":1,"minecraft:jungle_slab":6,"minecraft:mossy_cobblestone":1,"minecraft:stone_sword":1,"minecraft:rotten_flesh":10,"minecraft:stone_axe":2,"minecraft:lever":1,"minecraft:granite":1,"minecraft:gray_wool":1,"minecraft:oak_sapling":5,"minecraft:mutton":7,"minecraft:coal":25,"minecraft:white_wool":3,"minecraft:cobblestone":74},"minecraft:used":{"minecraft:stone_pickaxe":68,"minecraft:oak_planks":3,"minecraft:wooden_pickaxe":4,"minecraft:rotten_flesh":7,"minecraft:torch":4,"minecraft:dirt":3,"minecraft:sand":1,"minecraft:crafting_table":2,"minecraft:wooden_axe":22,"minecraft:apple":1,"minecraft:melon_slice":31,"minecraft:stone_axe":89,"minecraft:cobblestone":8},"minecraft:custom":{"minecraft:mob_kills":12,"minecraft:interact_with_crafting_table":4,"minecraft:leave_game":4,"minecraft:time_since_death":17825,"minecraft:climb_one_cm":1939,"minecraft:time_since_rest":17848,"minecraft:sprint_one_cm":96604,"minecraft:damage_taken":1910,"minecraft:walk_one_cm":61919,"minecraft:drop":6,"minecraft:damage_dealt":2142,"minecraft:swim_one_cm":34661,"minecraft:fly_one_cm":95223,"minecraft:open_chest":4,"minecraft:crouch_one_cm":272,"minecraft:play_time":37194,"minecraft:deaths":5,"minecraft:sneak_time":577,"minecraft:walk_under_water_one_cm":3966,"minecraft:jump":488,"minecraft:walk_on_water_one_cm":5418,"minecraft:total_world_time":37194,"minecraft:fall_one_cm":16856},"minecraft:crafted":{"minecraft:oak_planks":128,"minecraft:crafting_table":1,"minecraft:wooden_pickaxe":1,"minecraft:stone_axe":1,"minecraft:jungle_planks":56,"minecraft:stick":12,"minecraft:stone_pickaxe":1,"minecraft:wooden_axe":1,"minecraft:torch":4}},"DataVersion":3465}