{"stats":{"minecraft:custom":{"minecraft:time_since_rest":10933,"minecraft:interact_with_furnace":1,"minecraft:sprint_one_cm":37104,"minecraft:damage_taken":355,"minecraft:walk_one_cm":54928,"minecraft:mob_kills":6,"minecraft:damage_dealt":524,"minecraft:interact_with_crafting_table":3,"minecraft:swim_one_cm":1132,"minecraft:fly_one_cm":6990,"minecraft:crouch_one_cm":99,"minecraft:play_time":11452,"minecraft:deaths":1,"minecraft:sneak_time":106,"minecraft:walk_under_water_one_cm":4,"minecraft:jump":96,"minecraft:walk_on_water_one_cm":163,"minecraft:time_since_death":10907,"minecraft:total_world_time":11452,"minecraft:fall_one_cm":2175},"minecraft:picked_up":{"minecraft:stick":2,"minecraft:crafting_table":1,"minecraft:leather":5,"minecraft:sand":14,"minecraft:oak_log":32,"minecraft:dirt":4,"minecraft:cactus":4,"minecraft:beef":12,"minecraft:sugar_cane":13,"minecraft:cobblestone":23},"minecraft:mined":{"minecraft:cactus":3,"minecraft:suspicious_sand":1,"minecraft:crafting_table":1,"minecraft:grass_block":3,"minecraft:oak_log":32,"minecraft:dead_bush":2,"minecraft:sand":14,"minecraft:dirt":1,"minecraft:stone":23,"minecraft:sugar_cane":5},"minecraft:crafted":{"minecraft:oak_planks":20,"minecraft:crafting_table":1,"minecraft:stick":4,"minecraft:wooden_pickaxe":1,"minecraft:stone_pickaxe":1,"minecraft:furnace":1,"minecraft:stone_axe":1},"minecraft:killed":{"minecraft:cow":5},"minecraft:used":{"minecraft:wooden_pickaxe":23,"minecraft:stone_axe":34,"minecraft:sand":12,"minecraft:crafting_table":2,"minecraft:furnace":1},"minecraft:killed_by":{"minecraft:zombie":1}},"DataVersion":3953}