{"stats":{"minecraft:mined":{"minecraft:granite":1,"minecraft:grass_block":3,"minecraft:short_grass":11,"minecraft:cactus":2,"minecraft:tall_seagrass":1,"minecraft:poppy":2,"minecraft:oak_log":5,"minecraft:dead_bush":11,"minecraft:dirt":7,"minecraft:stone":21,"minecraft:sugar_cane":3,"minecraft:oak_leaves":1},"minecraft:picked_up":{"minecraft:stick":13,"minecraft:cactus":4,"minecraft:wheat_seeds":2,"minecraft:granite":1,"minecraft:oak_log":5,"minecraft:poppy":2,"minecraft:sugar_cane":8,"minecraft:dirt":10,"minecraft:cobblestone":21},"minecraft:custom":{"minecraft:time_since_rest":5592,"minecraft:crouch_one_cm":944,"minecraft:play_time":5592,"minecraft:sprint_one_cm":17245,"minecraft:damage_taken":20,"minecraft:walk_one_cm":7741,"minecraft:sneak_time":376,"minecraft:walk_under_water_one_cm":119,"minecraft:jump":76,"minecraft:time_since_death":5592,"minecraft:walk_on_water_one_cm":342,"minecraft:total_world_time":5592,"minecraft:swim_one_cm":2403,"minecraft:interact_with_crafting_table":2,"minecraft:fall_one_cm":2574,"minecraft:fly_one_cm":20943},"minecraft:crafted":{"minecraft:oak_planks":16,"minecraft:oak_wood":3,"minecraft:crafting_table":1,"minecraft:stick":8,"minecraft:wooden_pickaxe":1},"minecraft:used":{"minecraft:dirt":1,"minecraft:crafting_table":1,"minecraft:wooden_pickaxe":22}},"DataVersion":3953}