{"stats":{"minecraft:killed_by":{"minecraft:skeleton":1,"minecraft:zombie":1},"minecraft:dropped":{"minecraft:bread":2,"minecraft:iron_sword":4,"minecraft:wheat_seeds":2,"minecraft:crafting_table":1,"minecraft:cobblestone":7,"minecraft:stick":8,"minecraft:mutton":5,"minecraft:iron_leggings":1,"minecraft:armadillo_scute":1,"minecraft:iron_axe":1,"minecraft:iron_pickaxe":2,"minecraft:stone_axe":1,"minecraft:sugar_cane":29,"minecraft:cobbled_deepslate":5,"minecraft:tuff":9,"minecraft:rotten_flesh":9,"minecraft:oak_planks":1,"minecraft:potato":4,"minecraft:shield":1,"minecraft:diamond_pickaxe":2,"minecraft:oak_sapling":4,"minecraft:spider_eye":1,"minecraft:arrow":6,"minecraft:wooden_pickaxe":1},"minecraft:mined":{"minecraft:tuff":23,"minecraft:white_bed":2,"minecraft:deepslate_diamond_ore":86,"minecraft:obsidian":29,"minecraft:granite":14,"minecraft:acacia_log":4,"minecraft:grass_block":13,"minecraft:spawner":2,"minecraft:hay_block":65,"minecraft:tall_seagrass":1,"minecraft:furnace":4,"minecraft:iron_ore":85,"minecraft:cobbled_deepslate":45,"minecraft:andesite":23,"minecraft:deepslate_lapis_ore":6,"minecraft:deepslate_iron_ore":256,"minecraft:stone":232,"minecraft:deepslate_redstone_ore":10,"minecraft:acacia_leaves":1,"minecraft:dandelion":4,"minecraft:crafting_table":17,"minecraft:torch":3,"minecraft:short_grass":77,"minecraft:poppy":9,"minecraft:chest":2,"minecraft:dead_bush":55,"minecraft:tall_grass":2,"minecraft:copper_ore":9,"minecraft:cobblestone":25,"minecraft:deepslate_coal_ore":2,"minecraft:lapis_ore":1,"minecraft:deepslate_gold_ore":78,"minecraft:oak_planks":4,"minecraft:sugar_cane":20,"minecraft:cactus":4,"minecraft:oak_log":112,"minecraft:coal_ore":111,"minecraft:dirt":13,"minecraft:cobweb":9,"minecraft:gold_ore":6,"minecraft:oak_leaves":52,"minecraft:deepslate":288,"minecraft:fern":1},"minecraft:picked_up":{"minecraft:crafting_table":18,"minecraft:shield":1,"minecraft:string":27,"minecraft:raw_copper":33,"minecraft:iron_leggings":1,"minecraft:cobbled_deepslate":250,"minecraft:poppy":9,"minecraft:iron_pickaxe":1,"minecraft:chest":2,"minecraft:sugar_cane":71,"minecraft:furnace":4,"minecraft:raw_iron":382,"minecraft:stick":68,"minecraft:torch":5,"minecraft:acacia_log":4,"minecraft:porkchop":7,"minecraft:arrow":6,"minecraft:cactus":10,"minecraft:rotten_flesh":9,"minecraft:hay_block":65,"minecraft:armadillo_scute":1,"minecraft:obsidian":29,"minecraft:mutton":10,"minecraft:cobblestone":214,"minecraft:white_wool":6,"minecraft:andesite":18,"minecraft:potato":6,"minecraft:tuff":9,"minecraft:oak_log":111,"minecraft:lapis_lazuli":52,"minecraft:dirt":26,"minecraft:bone":23,"minecraft:wheat_seeds":8,"minecraft:raw_gold":84,"minecraft:oak_planks":5,"minecraft:iron_sword":3,"minecraft:cooked_porkchop":7,"minecraft:dandelion":4,"minecraft:ink_sac":2,"minecraft:white_bed":2,"minecraft:spider_eye":2,"minecraft:diamond":86,"minecraft:granite":13,"minecraft:bread":2,"minecraft:oak_sapling":12,"minecraft:coal":154,"minecraft:diamond_pickaxe":2},"minecraft:killed":{"minecraft:armadillo":1,"minecraft:cave_spider":1,"minecraft:witch":2,"minecraft:spider":10,"minecraft:skeleton":21,"minecraft:pig":4,"minecraft:creeper":2,"minecraft:squid":1,"minecraft:sheep":5,"minecraft:zombie":69},"minecraft:custom":{"minecraft:mob_kills":123,"minecraft:interact_with_crafting_table":33,"minecraft:leave_game":1,"minecraft:time_since_death":180377,"minecraft:sprint_one_cm":468075,"minecraft:walk_one_cm":493999,"minecraft:damage_blocked_by_shield":4686,"minecraft:drop":41,"minecraft:play_time":202994,"minecraft:deaths":2,"minecraft:sneak_time":15081,"minecraft:walk_under_water_one_cm":9795,"minecraft:jump":3163,"minecraft:walk_on_water_one_cm":36627,"minecraft:total_world_time":202994,"minecraft:interact_with_furnace":23,"minecraft:interact_with_grindstone":1,"minecraft:time_since_rest":180513,"minecraft:damage_taken":4558,"minecraft:damage_dealt":22746,"minecraft:swim_one_cm":13368,"minecraft:fly_one_cm":524714,"minecraft:open_chest":7,"minecraft:crouch_one_cm":30513,"minecraft:fall_one_cm":76932},"minecraft:broken":{"minecraft:shield":1,"minecraft:stone_axe":1,"minecraft:iron_pickaxe":2},"minecraft:used":{"minecraft:stone_sword":9,"minecraft:chest":2,"minecraft:shield":85,"minecraft:iron_sword":217,"minecraft:torch":105,"minecraft:dirt":26,"minecraft:granite":12,"minecraft:lava_bucket":9,"minecraft:iron_axe":152,"minecraft:furnace":5,"minecraft:cobbled_deepslate":233,"minecraft:iron_leggings":1,"minecraft:cooked_mutton":2,"minecraft:water_bucket":48,"minecraft:stone_pickaxe":70,"minecraft:oak_planks":5,"minecraft:wooden_pickaxe":45,"minecraft:crafting_table":19,"minecraft:white_bed":2,"minecraft:diamond_pickaxe":512,"minecraft:bread":82,"minecraft:iron_pickaxe":710,"minecraft:stone_axe":144,"minecraft:cobblestone":95,"minecraft:cooked_porkchop":7,"minecraft:andesite":18,"minecraft:bucket":58},"minecraft:crafted":{"minecraft:oak_planks":68,"minecraft:furnace":3,"minecraft:raw_copper_block":3,"minecraft:cooked_mutton":5,"minecraft:diamond_block":9,"minecraft:iron_axe":2,"minecraft:stone_pickaxe":1,"minecraft:chest":2,"minecraft:raw_iron_block":29,"minecraft:wheat":585,"minecraft:crafting_table":2,"minecraft:wooden_pickaxe":1,"minecraft:iron_sword":1,"minecraft:raw_gold_block":9,"minecraft:bucket":1,"minecraft:oak_wood":3,"minecraft:stone_axe":3,"minecraft:bread":196,"minecraft:air":0,"minecraft:iron_chestplate":1,"minecraft:diamond_pickaxe":1,"minecraft:shield":2,"minecraft:stick":12,"minecraft:iron_ingot":58,"minecraft:iron_pickaxe":3,"minecraft:stone_sword":1,"minecraft:iron_leggings":1,"minecraft:white_bed":1,"minecraft:torch":96}},"DataVersion":3953}