{"stats":{"minecraft:killed_by":{"minecraft:skeleton":1,"minecraft:zombie":1},"minecraft:dropped":{"minecraft:bread":1,"minecraft:wheat_seeds":1,"minecraft:wooden_pickaxe":1,"minecraft:iron_pickaxe":1},"minecraft:mined":{"minecraft:acacia_leaves":1,"minecraft:dandelion":4,"minecraft:crafting_table":8,"minecraft:torch":1,"minecraft:granite":1,"minecraft:short_grass":56,"minecraft:acacia_log":4,"minecraft:grass_block":13,"minecraft:poppy":9,"minecraft:dead_bush":49,"minecraft:copper_ore":9,"minecraft:cobblestone":14,"minecraft:deepslate_gold_ore":5,"minecraft:sugar_cane":20,"minecraft:hay_block":65,"minecraft:tall_seagrass":1,"minecraft:cactus":4,"minecraft:furnace":1,"minecraft:iron_ore":50,"minecraft:oak_log":103,"minecraft:coal_ore":63,"minecraft:deepslate_iron_ore":6,"minecraft:dirt":13,"minecraft:stone":138,"minecraft:gold_ore":1,"minecraft:oak_leaves":52,"minecraft:fern":1},"minecraft:picked_up":{"minecraft:crafting_table":8,"minecraft:potato":1,"minecraft:oak_log":102,"minecraft:dirt":26,"minecraft:raw_copper":33,"minecraft:bone":1,"minecraft:wheat_seeds":8,"minecraft:raw_gold":6,"minecraft:poppy":9,"minecraft:iron_pickaxe":1,"minecraft:sugar_cane":42,"minecraft:oak_planks":1,"minecraft:furnace":1,"minecraft:stick":54,"minecraft:raw_iron":56,"minecraft:torch":1,"minecraft:dandelion":4,"minecraft:acacia_log":4,"minecraft:porkchop":7,"minecraft:ink_sac":2,"minecraft:cactus":10,"minecraft:rotten_flesh":6,"minecraft:hay_block":65,"minecraft:armadillo_scute":1,"minecraft:granite":1,"minecraft:bread":1,"minecraft:oak_sapling":12,"minecraft:mutton":10,"minecraft:cobblestone":144,"minecraft:coal":62,"minecraft:white_wool":6},"minecraft:killed":{"minecraft:armadillo":1,"minecraft:pig":4,"minecraft:squid":1,"minecraft:skeleton":1,"minecraft:sheep":5,"minecraft:zombie":8},"minecraft:custom":{"minecraft:interact_with_furnace":8,"minecraft:mob_kills":21,"minecraft:interact_with_crafting_table":16,"minecraft:interact_with_grindstone":1,"minecraft:time_since_death":30975,"minecraft:time_since_rest":31111,"minecraft:sprint_one_cm":174092,"minecraft:damage_taken":819,"minecraft:walk_one_cm":133042,"minecraft:drop":4,"minecraft:damage_dealt":3274,"minecraft:swim_one_cm":11514,"minecraft:fly_one_cm":183187,"minecraft:open_chest":6,"minecraft:crouch_one_cm":4626,"minecraft:play_time":53592,"minecraft:deaths":2,"minecraft:sneak_time":2792,"minecraft:walk_under_water_one_cm":6272,"minecraft:jump":915,"minecraft:walk_on_water_one_cm":10218,"minecraft:total_world_time":53592,"minecraft:fall_one_cm":22241},"minecraft:broken":{"minecraft:stone_axe":1},"minecraft:crafted":{"minecraft:oak_planks":32,"minecraft:crafting_table":2,"minecraft:wooden_pickaxe":1,"minecraft:iron_sword":1,"minecraft:furnace":2,"minecraft:oak_wood":3,"minecraft:stone_axe":3,"minecraft:cooked_mutton":5,"minecraft:bread":196,"minecraft:air":0,"minecraft:shield":1,"minecraft:stick":8,"minecraft:iron_ingot":3,"minecraft:iron_pickaxe":1,"minecraft:stone_pickaxe":1,"minecraft:stone_sword":1,"minecraft:torch":40,"minecraft:wheat":585},"minecraft:used":{"minecraft:cooked_mutton":2,"minecraft:stone_sword":9,"minecraft:stone_pickaxe":70,"minecraft:oak_planks":5,"minecraft:wooden_pickaxe":45,"minecraft:iron_sword":52,"minecraft:torch":2,"minecraft:dirt":26,"minecraft:crafting_table":10,"minecraft:bread":11,"minecraft:iron_pickaxe":173,"minecraft:stone_axe":133,"minecraft:cobblestone":26,"minecraft:furnace":3}},"DataVersion":3953}