{"stats":{"minecraft:killed_by":{"minecraft:skeleton":1,"minecraft:zombie":1},"minecraft:dropped":{"minecraft:bread":2,"minecraft:iron_sword":4,"minecraft:stone_axe":1,"minecraft:sugar_cane":29,"minecraft:wheat_seeds":2,"minecraft:cobbled_deepslate":5,"minecraft:crafting_table":1,"minecraft:tuff":9,"minecraft:cobblestone":7,"minecraft:rotten_flesh":7,"minecraft:oak_planks":1,"minecraft:stick":8,"minecraft:shield":1,"minecraft:spider_eye":1,"minecraft:iron_leggings":1,"minecraft:armadillo_scute":1,"minecraft:arrow":6,"minecraft:wooden_pickaxe":1,"minecraft:iron_pickaxe":2},"minecraft:mined":{"minecraft:deepslate_redstone_ore":4,"minecraft:tuff":17,"minecraft:acacia_leaves":1,"minecraft:deepslate_diamond_ore":60,"minecraft:dandelion":4,"minecraft:crafting_table":13,"minecraft:torch":2,"minecraft:granite":1,"minecraft:short_grass":56,"minecraft:acacia_log":4,"minecraft:grass_block":13,"minecraft:poppy":9,"minecraft:dead_bush":49,"minecraft:copper_ore":9,"minecraft:cobblestone":25,"minecraft:deepslate_coal_ore":2,"minecraft:lapis_ore":1,"minecraft:deepslate_gold_ore":39,"minecraft:sugar_cane":20,"minecraft:spawner":2,"minecraft:hay_block":65,"minecraft:tall_seagrass":1,"minecraft:cactus":4,"minecraft:furnace":4,"minecraft:cobbled_deepslate":10,"minecraft:iron_ore":77,"minecraft:deepslate_lapis_ore":1,"minecraft:oak_log":112,"minecraft:coal_ore":95,"minecraft:deepslate_iron_ore":204,"minecraft:dirt":13,"minecraft:cobweb":9,"minecraft:stone":178,"minecraft:gold_ore":6,"minecraft:deepslate":181,"minecraft:oak_leaves":52,"minecraft:fern":1},"minecraft:picked_up":{"minecraft:crafting_table":14,"minecraft:potato":1,"minecraft:tuff":9,"minecraft:oak_log":111,"minecraft:shield":1,"minecraft:lapis_lazuli":14,"minecraft:string":20,"minecraft:dirt":26,"minecraft:raw_copper":33,"minecraft:iron_leggings":1,"minecraft:bone":15,"minecraft:wheat_seeds":8,"minecraft:cobbled_deepslate":112,"minecraft:raw_gold":45,"minecraft:poppy":9,"minecraft:iron_pickaxe":1,"minecraft:sugar_cane":71,"minecraft:iron_sword":3,"minecraft:oak_planks":1,"minecraft:furnace":4,"minecraft:stick":65,"minecraft:raw_iron":324,"minecraft:cooked_porkchop":7,"minecraft:torch":3,"minecraft:dandelion":4,"minecraft:acacia_log":4,"minecraft:porkchop":7,"minecraft:ink_sac":2,"minecraft:spider_eye":2,"minecraft:arrow":6,"minecraft:cactus":10,"minecraft:rotten_flesh":7,"minecraft:diamond":60,"minecraft:hay_block":65,"minecraft:armadillo_scute":1,"minecraft:granite":1,"minecraft:bread":2,"minecraft:oak_sapling":12,"minecraft:mutton":10,"minecraft:cobblestone":189,"minecraft:coal":138,"minecraft:white_wool":6},"minecraft:killed":{"minecraft:armadillo":1,"minecraft:cave_spider":1,"minecraft:pig":4,"minecraft:witch":2,"minecraft:spider":7,"minecraft:squid":1,"minecraft:skeleton":14,"minecraft:sheep":5,"minecraft:zombie":46},"minecraft:custom":{"minecraft:interact_with_furnace":23,"minecraft:mob_kills":86,"minecraft:interact_with_crafting_table":29,"minecraft:interact_with_grindstone":1,"minecraft:time_since_death":120975,"minecraft:time_since_rest":121111,"minecraft:sprint_one_cm":354164,"minecraft:damage_taken":3304,"minecraft:walk_one_cm":355494,"minecraft:damage_blocked_by_shield":3338,"minecraft:drop":33,"minecraft:damage_dealt":16125,"minecraft:swim_one_cm":11514,"minecraft:fly_one_cm":376388,"minecraft:open_chest":6,"minecraft:crouch_one_cm":20282,"minecraft:play_time":143592,"minecraft:deaths":2,"minecraft:sneak_time":10429,"minecraft:walk_under_water_one_cm":6969,"minecraft:jump":2143,"minecraft:walk_on_water_one_cm":14568,"minecraft:total_world_time":143592,"minecraft:fall_one_cm":54828},"minecraft:broken":{"minecraft:shield":1,"minecraft:stone_axe":1,"minecraft:iron_pickaxe":2},"minecraft:crafted":{"minecraft:oak_planks":48,"minecraft:crafting_table":2,"minecraft:wooden_pickaxe":1,"minecraft:iron_sword":1,"minecraft:furnace":3,"minecraft:bucket":1,"minecraft:oak_wood":3,"minecraft:stone_axe":3,"minecraft:cooked_mutton":5,"minecraft:bread":196,"minecraft:air":0,"minecraft:iron_chestplate":1,"minecraft:diamond_pickaxe":1,"minecraft:shield":2,"minecraft:iron_axe":1,"minecraft:stick":12,"minecraft:iron_ingot":58,"minecraft:iron_pickaxe":3,"minecraft:stone_pickaxe":1,"minecraft:white_bed":1,"minecraft:stone_sword":1,"minecraft:iron_leggings":1,"minecraft:torch":84,"minecraft:wheat":585},"minecraft:used":{"minecraft:cooked_mutton":2,"minecraft:stone_sword":9,"minecraft:stone_pickaxe":70,"minecraft:oak_planks":5,"minecraft:shield":59,"minecraft:wooden_pickaxe":45,"minecraft:iron_sword":217,"minecraft:torch":71,"minecraft:dirt":26,"minecraft:crafting_table":14,"minecraft:diamond_pickaxe":92,"minecraft:lava_bucket":5,"minecraft:iron_axe":63,"minecraft:bread":62,"minecraft:iron_pickaxe":710,"minecraft:stone_axe":144,"minecraft:cobblestone":95,"minecraft:furnace":5,"minecraft:bucket":6,"minecraft:cobbled_deepslate":46,"minecraft:iron_leggings":1}},"DataVersion":3953}