{"stats":{"minecraft:killed_by":{"minecraft:skeleton":1,"minecraft:zombie":1},"minecraft:dropped":{"minecraft:wheat_seeds":1,"minecraft:wooden_pickaxe":1},"minecraft:mined":{"minecraft:acacia_leaves":1,"minecraft:dandelion":4,"minecraft:crafting_table":6,"minecraft:torch":1,"minecraft:granite":1,"minecraft:short_grass":56,"minecraft:acacia_log":4,"minecraft:grass_block":11,"minecraft:poppy":9,"minecraft:dead_bush":49,"minecraft:sugar_cane":20,"minecraft:hay_block":65,"minecraft:tall_seagrass":1,"minecraft:cactus":4,"minecraft:furnace":1,"minecraft:iron_ore":3,"minecraft:oak_log":103,"minecraft:coal_ore":47,"minecraft:dirt":13,"minecraft:stone":76,"minecraft:oak_leaves":52,"minecraft:fern":1},"minecraft:picked_up":{"minecraft:crafting_table":6,"minecraft:oak_log":102,"minecraft:dirt":24,"minecraft:bone":1,"minecraft:wheat_seeds":8,"minecraft:poppy":9,"minecraft:sugar_cane":42,"minecraft:oak_planks":1,"minecraft:furnace":1,"minecraft:stick":54,"minecraft:raw_iron":3,"minecraft:torch":1,"minecraft:dandelion":4,"minecraft:acacia_log":4,"minecraft:porkchop":7,"minecraft:ink_sac":2,"minecraft:cactus":10,"minecraft:hay_block":65,"minecraft:armadillo_scute":1,"minecraft:granite":1,"minecraft:oak_sapling":12,"minecraft:mutton":10,"minecraft:cobblestone":75,"minecraft:coal":46,"minecraft:white_wool":6},"minecraft:killed":{"minecraft:armadillo":1,"minecraft:pig":4,"minecraft:squid":1,"minecraft:skeleton":1,"minecraft:sheep":5},"minecraft:custom":{"minecraft:interact_with_furnace":7,"minecraft:mob_kills":13,"minecraft:interact_with_crafting_table":11,"minecraft:interact_with_grindstone":1,"minecraft:time_since_death":18975,"minecraft:time_since_rest":19111,"minecraft:sprint_one_cm":153425,"minecraft:damage_taken":608,"minecraft:walk_one_cm":105168,"minecraft:drop":2,"minecraft:damage_dealt":1535,"minecraft:swim_one_cm":11514,"minecraft:fly_one_cm":169877,"minecraft:open_chest":6,"minecraft:crouch_one_cm":2888,"minecraft:play_time":41592,"minecraft:deaths":2,"minecraft:sneak_time":1264,"minecraft:walk_under_water_one_cm":3979,"minecraft:jump":784,"minecraft:walk_on_water_one_cm":8678,"minecraft:total_world_time":41592,"minecraft:fall_one_cm":19942},"minecraft:broken":{"minecraft:stone_axe":1},"minecraft:crafted":{"minecraft:oak_planks":32,"minecraft:crafting_table":2,"minecraft:wooden_pickaxe":1,"minecraft:iron_sword":1,"minecraft:furnace":1,"minecraft:oak_wood":3,"minecraft:stone_axe":2,"minecraft:cooked_mutton":5,"minecraft:bread":33,"minecraft:air":0,"minecraft:stick":8,"minecraft:iron_ingot":3,"minecraft:iron_pickaxe":1,"minecraft:stone_pickaxe":1,"minecraft:stone_sword":1,"minecraft:wheat":99},"minecraft:used":{"minecraft:cooked_mutton":2,"minecraft:stone_sword":9,"minecraft:stone_pickaxe":70,"minecraft:oak_planks":5,"minecraft:wooden_pickaxe":45,"minecraft:iron_sword":20,"minecraft:torch":1,"minecraft:dirt":23,"minecraft:crafting_table":7,"minecraft:bread":6,"minecraft:iron_pickaxe":13,"minecraft:stone_axe":131,"minecraft:furnace":2}},"DataVersion":3953}