{"stats":{"minecraft:used":{"minecraft:spruce_door":57,"minecraft:crafting_table":1,"minecraft:spruce_sapling":18},"minecraft:custom":{"minecraft:time_since_rest":11391,"minecraft:crouch_one_cm":96,"minecraft:sprint_one_cm":28183,"minecraft:play_time":11391,"minecraft:damage_taken":50,"minecraft:walk_one_cm":20959,"minecraft:sneak_time":23,"minecraft:drop":3,"minecraft:jump":87,"minecraft:leave_game":2,"minecraft:time_since_death":11391,"minecraft:total_world_time":11391,"minecraft:interact_with_crafting_table":1,"minecraft:fall_one_cm":1762,"minecraft:fly_one_cm":27505},"minecraft:mined":{"minecraft:large_fern":9,"minecraft:spruce_sapling":1,"minecraft:ice":12,"minecraft:spruce_log":34,"minecraft:spruce_leaves":10,"minecraft:sugar_cane":1,"minecraft:fern":5},"minecraft:dropped":{"minecraft:wheat_seeds":2,"minecraft:spruce_sapling":1},"minecraft:picked_up":{"minecraft:stick":7,"minecraft:wheat_seeds":2,"minecraft:spruce_sapling":20,"minecraft:spruce_log":33,"minecraft:sugar_cane":3},"minecraft:crafted":{"minecraft:spruce_door":57,"minecraft:crafting_table":1,"minecraft:spruce_planks":120}},"DataVersion":3953}