{"stats":{"minecraft:dropped":{"minecraft:wheat_seeds":1,"minecraft:wooden_pickaxe":1},"minecraft:mined":{"minecraft:tall_seagrass":1,"minecraft:cactus":2,"minecraft:acacia_leaves":1,"minecraft:furnace":1,"minecraft:dandelion":3,"minecraft:crafting_table":2,"minecraft:granite":1,"minecraft:short_grass":48,"minecraft:acacia_log":4,"minecraft:grass_block":8,"minecraft:oak_log":99,"minecraft:poppy":7,"minecraft:dead_bush":16,"minecraft:dirt":10,"minecraft:stone":49,"minecraft:sugar_cane":5,"minecraft:oak_leaves":42},"minecraft:picked_up":{"minecraft:stick":21,"minecraft:crafting_table":2,"minecraft:acacia_log":4,"minecraft:dandelion":3,"minecraft:oak_log":98,"minecraft:ink_sac":2,"minecraft:dirt":18,"minecraft:cactus":4,"minecraft:wheat_seeds":7,"minecraft:granite":1,"minecraft:poppy":7,"minecraft:oak_sapling":8,"minecraft:oak_planks":1,"minecraft:sugar_cane":13,"minecraft:mutton":5,"minecraft:white_wool":3,"minecraft:cobblestone":49,"minecraft:furnace":1},"minecraft:killed":{"minecraft:sheep":3,"minecraft:armadillo":1,"minecraft:squid":1},"minecraft:custom":{"minecraft:time_since_rest":17592,"minecraft:interact_with_furnace":4,"minecraft:sprint_one_cm":49296,"minecraft:damage_taken":40,"minecraft:walk_one_cm":40371,"minecraft:mob_kills":5,"minecraft:drop":2,"minecraft:damage_dealt":460,"minecraft:interact_with_crafting_table":6,"minecraft:swim_one_cm":2403,"minecraft:fly_one_cm":52789,"minecraft:crouch_one_cm":1464,"minecraft:play_time":17592,"minecraft:sneak_time":527,"minecraft:walk_under_water_one_cm":119,"minecraft:jump":305,"minecraft:walk_on_water_one_cm":2116,"minecraft:time_since_death":17592,"minecraft:total_world_time":17592,"minecraft:fall_one_cm":6040},"minecraft:broken":{"minecraft:stone_axe":1},"minecraft:crafted":{"minecraft:oak_planks":16,"minecraft:crafting_table":1,"minecraft:stick":8,"minecraft:wooden_pickaxe":1,"minecraft:stone_pickaxe":1,"minecraft:stone_sword":1,"minecraft:furnace":1,"minecraft:oak_wood":3,"minecraft:stone_axe":1,"minecraft:air":0,"minecraft:cooked_mutton":5},"minecraft:used":{"minecraft:cooked_mutton":2,"minecraft:stone_sword":9,"minecraft:stone_pickaxe":6,"minecraft:wooden_pickaxe":45,"minecraft:stone_axe":130,"minecraft:dirt":18,"minecraft:crafting_table":3,"minecraft:furnace":1}},"DataVersion":3953}