{"stats":{"minecraft:killed_by":{"minecraft:player":1},"minecraft:dropped":{"minecraft:wooden_pickaxe":1},"minecraft:used":{"minecraft:stone_sword":15,"minecraft:stone_pickaxe":1,"minecraft:wooden_pickaxe":40,"minecraft:stone_axe":88,"minecraft:crafting_table":3,"minecraft:furnace":1,"minecraft:cooked_porkchop":1},"minecraft:mined":{"minecraft:furnace":1,"minecraft:birch_leaves":1,"minecraft:crafting_table":2,"minecraft:short_grass":5,"minecraft:grass_block":8,"minecraft:oak_log":85,"minecraft:gravel":11,"minecraft:dirt":8,"minecraft:stone":17,"minecraft:oak_leaves":61},"minecraft:custom":{"minecraft:time_since_rest":12230,"minecraft:interact_with_furnace":10,"minecraft:sprint_one_cm":19611,"minecraft:damage_taken":336,"minecraft:walk_one_cm":40690,"minecraft:mob_kills":6,"minecraft:drop":1,"minecraft:damage_dealt":969,"minecraft:player_kills":1,"minecraft:interact_with_crafting_table":4,"minecraft:fly_one_cm":14504,"minecraft:crouch_one_cm":570,"minecraft:play_time":15705,"minecraft:deaths":1,"minecraft:sneak_time":124,"minecraft:jump":178,"minecraft:time_since_death":12199,"minecraft:total_world_time":15705,"minecraft:fall_one_cm":3251},"minecraft:picked_up":{"minecraft:stick":8,"minecraft:crafting_table":2,"minecraft:leather":1,"minecraft:gravel":10,"minecraft:porkchop":7,"minecraft:flint":1,"minecraft:oak_log":84,"minecraft:dirt":13,"minecraft:bone":2,"minecraft:arrow":2,"minecraft:wheat_seeds":3,"minecraft:beef":1,"minecraft:oak_sapling":3,"minecraft:oak_planks":16,"minecraft:cobblestone":18,"minecraft:furnace":1},"minecraft:crafted":{"minecraft:oak_planks":64,"minecraft:cooked_porkchop":7,"minecraft:crafting_table":2,"minecraft:stick":16,"minecraft:wooden_pickaxe":2,"minecraft:stone_pickaxe":1,"minecraft:stone_sword":1,"minecraft:furnace":1,"minecraft:oak_wood":3,"minecraft:stone_axe":1,"minecraft:air":0},"minecraft:killed":{"minecraft:skeleton":2,"minecraft:pig":3,"minecraft:cow":1}},"DataVersion":3953}