{"stats":{"minecraft:killed_by":{"minecraft:skeleton":4,"minecraft:creeper":1,"minecraft:zombie":4},"minecraft:mined":{"minecraft:podzol":16,"minecraft:crafting_table":4,"minecraft:melon":1,"minecraft:grass":18,"minecraft:grass_block":7,"minecraft:oak_log":5,"minecraft:jungle_log":8,"minecraft:sand":25,"minecraft:dirt":14,"minecraft:bamboo":11,"minecraft:stone":42,"minecraft:netherrack":11,"minecraft:oak_leaves":23,"minecraft:fern":4},"minecraft:killed":{"minecraft:skeleton":1,"minecraft:zombie":1},"minecraft:dropped":{"minecraft:wheat_seeds":4,"minecraft:sand":20,"minecraft:wooden_pickaxe":1},"minecraft:picked_up":{"minecraft:stick":11,"minecraft:crafting_table":5,"minecraft:jungle_log":13,"minecraft:wooden_pickaxe":3,"minecraft:jungle_planks":80,"minecraft:sand":25,"minecraft:oak_log":8,"minecraft:carrot":1,"minecraft:jungle_slab":12,"minecraft:dirt":84,"minecraft:stone_sword":1,"minecraft:arrow":15,"minecraft:bone":12,"minecraft:stone_axe":2,"minecraft:rotten_flesh":10,"minecraft:wheat_seeds":18,"minecraft:stone_pickaxe":4,"minecraft:melon_slice":7,"minecraft:bamboo":151,"minecraft:oak_sapling":5,"minecraft:netherrack":8,"minecraft:cobblestone":117},"minecraft:crafted":{"minecraft:oak_planks":8,"minecraft:crafting_table":2,"minecraft:stick":16,"minecraft:wooden_pickaxe":1,"minecraft:stone_pickaxe":1,"minecraft:stone_sword":1,"minecraft:stone_axe":1,"minecraft:jungle_slab":6,"minecraft:jungle_planks":16},"minecraft:used":{"minecraft:stone_sword":18,"minecraft:melon_slice":2,"minecraft:stone_pickaxe":20,"minecraft:wooden_pickaxe":42,"minecraft:rotten_flesh":1,"minecraft:golden_leggings":1,"minecraft:stone_axe":4,"minecraft:dirt":6,"minecraft:crafting_table":4,"minecraft:golden_pickaxe":11},"minecraft:custom":{"minecraft:time_since_rest":3867,"minecraft:sprint_one_cm":59076,"minecraft:damage_taken":2680,"minecraft:walk_one_cm":56707,"minecraft:mob_kills":2,"minecraft:drop":25,"minecraft:damage_dealt":956,"minecraft:swim_one_cm":4121,"minecraft:interact_with_crafting_table":7,"minecraft:fly_one_cm":57070,"minecraft:open_chest":3,"minecraft:crouch_one_cm":300,"minecraft:play_time":25086,"minecraft:deaths":9,"minecraft:sneak_time":3002,"minecraft:walk_under_water_one_cm":5083,"minecraft:jump":356,"minecraft:time_since_death":3837,"minecraft:walk_on_water_one_cm":4823,"minecraft:climb_one_cm":908,"minecraft:total_world_time":25086,"minecraft:fall_one_cm":9441}},"DataVersion":3465}