{"stats":{"minecraft:custom":{"minecraft:jump":7,"minecraft:time_since_rest":3507,"minecraft:leave_game":1,"minecraft:damage_taken":10,"minecraft:crouch_one_cm":47,"minecraft:sprint_one_cm":3577,"minecraft:play_time":3507,"minecraft:time_since_death":3507,"minecraft:walk_one_cm":6636,"minecraft:sneak_time":13,"minecraft:total_world_time":3507,"minecraft:fly_one_cm":1691},"minecraft:mined":{"minecraft:spruce_leaves":4,"minecraft:spruce_log":32,"minecraft:fern":3},"minecraft:picked_up":{"minecraft:spruce_sapling":4,"minecraft:spruce_log":30},"minecraft:crafted":{"minecraft:spruce_planks":96}},"DataVersion":3953}