{"stats":{"minecraft:killed_by":{"minecraft:skeleton":4,"minecraft:creeper":1,"minecraft:zombie":5},"minecraft:mined":{"minecraft:podzol":16,"minecraft:mossy_cobblestone":3,"minecraft:crafting_table":5,"minecraft:grass_block":9,"minecraft:melon":8,"minecraft:jungle_log":10,"minecraft:redstone_wire":2,"minecraft:cobblestone":1,"minecraft:diorite":2,"minecraft:chiseled_stone_bricks":1,"minecraft:repeater":1,"minecraft:sticky_piston":3,"minecraft:grass":40,"minecraft:oak_log":39,"minecraft:vine":2,"minecraft:sand":25,"minecraft:dirt":18,"minecraft:bamboo":14,"minecraft:tripwire_hook":1,"minecraft:stone":90,"minecraft:netherrack":11,"minecraft:oak_leaves":30,"minecraft:fern":12},"minecraft:killed":{"minecraft:spider":1,"minecraft:skeleton":1,"minecraft:zombie":2},"minecraft:dropped":{"minecraft:wheat_seeds":8,"minecraft:sand":20,"minecraft:wooden_pickaxe":4},"minecraft:picked_up":{"minecraft:crafting_table":7,"minecraft:jungle_log":15,"minecraft:wooden_pickaxe":4,"minecraft:oak_log":60,"minecraft:string":2,"minecraft:dirt":118,"minecraft:bone":17,"minecraft:wheat_seeds":22,"minecraft:stone_pickaxe":5,"minecraft:bamboo":298,"minecraft:melon_slice":52,"minecraft:oak_planks":88,"minecraft:stick":11,"minecraft:chiseled_stone_bricks":2,"minecraft:jungle_planks":136,"minecraft:sand":30,"minecraft:diorite":2,"minecraft:carrot":2,"minecraft:jungle_slab":12,"minecraft:mossy_cobblestone":6,"minecraft:stone_sword":2,"minecraft:arrow":23,"minecraft:rotten_flesh":18,"minecraft:stone_axe":3,"minecraft:lever":2,"minecraft:oak_sapling":6,"minecraft:netherrack":8,"minecraft:cobblestone":208},"minecraft:crafted":{"minecraft:oak_planks":96,"minecraft:crafting_table":3,"minecraft:wooden_pickaxe":1,"minecraft:furnace":1,"minecraft:stone_axe":1,"minecraft:jungle_slab":6,"minecraft:jungle_planks":36,"minecraft:stick":16,"minecraft:stone_pickaxe":1,"minecraft:stone_sword":1},"minecraft:used":{"minecraft:stone_sword":40,"minecraft:stone_pickaxe":70,"minecraft:wooden_pickaxe":54,"minecraft:rotten_flesh":2,"minecraft:dirt":10,"minecraft:crafting_table":6,"minecraft:melon_slice":20,"minecraft:golden_leggings":1,"minecraft:stone_axe":53,"minecraft:furnace":1,"minecraft:golden_pickaxe":11},"minecraft:custom":{"minecraft:interact_with_furnace":9,"minecraft:mob_kills":4,"minecraft:interact_with_crafting_table":9,"minecraft:leave_game":2,"minecraft:time_since_death":8250,"minecraft:climb_one_cm":1160,"minecraft:time_since_rest":8283,"minecraft:sprint_one_cm":108966,"minecraft:damage_taken":3004,"minecraft:walk_one_cm":100890,"minecraft:drop":32,"minecraft:damage_dealt":1620,"minecraft:swim_one_cm":4121,"minecraft:fly_one_cm":90722,"minecraft:open_chest":6,"minecraft:crouch_one_cm":319,"minecraft:play_time":40957,"minecraft:deaths":10,"minecraft:sneak_time":3023,"minecraft:walk_under_water_one_cm":5083,"minecraft:jump":585,"minecraft:walk_on_water_one_cm":4823,"minecraft:total_world_time":40957,"minecraft:fall_one_cm":12951}},"DataVersion":3465}