{"stats":{"minecraft:killed_by":{"minecraft:skeleton":1,"minecraft:zombie":1},"minecraft:dropped":{"minecraft:bread":2,"minecraft:iron_sword":4,"minecraft:wheat_seeds":2,"minecraft:crafting_table":1,"minecraft:cobblestone":7,"minecraft:stick":8,"minecraft:mutton":5,"minecraft:iron_leggings":1,"minecraft:armadillo_scute":1,"minecraft:iron_axe":1,"minecraft:iron_pickaxe":2,"minecraft:stone_axe":1,"minecraft:sugar_cane":29,"minecraft:cobbled_deepslate":5,"minecraft:tuff":9,"minecraft:rotten_flesh":9,"minecraft:oak_planks":1,"minecraft:potato":4,"minecraft:shield":1,"minecraft:diamond_pickaxe":2,"minecraft:oak_sapling":4,"minecraft:spider_eye":1,"minecraft:arrow":6,"minecraft:wooden_pickaxe":1},"minecraft:mined":{"minecraft:tuff":20,"minecraft:white_bed":2,"minecraft:deepslate_diamond_ore":86,"minecraft:obsidian":29,"minecraft:granite":1,"minecraft:acacia_log":4,"minecraft:grass_block":13,"minecraft:spawner":2,"minecraft:hay_block":65,"minecraft:tall_seagrass":1,"minecraft:furnace":4,"minecraft:iron_ore":77,"minecraft:cobbled_deepslate":35,"minecraft:deepslate_lapis_ore":1,"minecraft:deepslate_iron_ore":228,"minecraft:stone":178,"minecraft:deepslate_redstone_ore":10,"minecraft:acacia_leaves":1,"minecraft:dandelion":4,"minecraft:crafting_table":15,"minecraft:torch":3,"minecraft:short_grass":56,"minecraft:poppy":9,"minecraft:dead_bush":49,"minecraft:copper_ore":9,"minecraft:cobblestone":25,"minecraft:deepslate_coal_ore":2,"minecraft:lapis_ore":1,"minecraft:deepslate_gold_ore":51,"minecraft:sugar_cane":20,"minecraft:cactus":4,"minecraft:oak_log":112,"minecraft:coal_ore":95,"minecraft:dirt":13,"minecraft:cobweb":9,"minecraft:gold_ore":6,"minecraft:oak_leaves":52,"minecraft:deepslate":260,"minecraft:fern":1},"minecraft:picked_up":{"minecraft:crafting_table":16,"minecraft:shield":1,"minecraft:string":25,"minecraft:raw_copper":33,"minecraft:iron_leggings":1,"minecraft:cobbled_deepslate":213,"minecraft:poppy":9,"minecraft:iron_pickaxe":1,"minecraft:sugar_cane":71,"minecraft:furnace":4,"minecraft:raw_iron":346,"minecraft:stick":65,"minecraft:torch":4,"minecraft:acacia_log":4,"minecraft:porkchop":7,"minecraft:arrow":6,"minecraft:cactus":10,"minecraft:rotten_flesh":9,"minecraft:hay_block":65,"minecraft:armadillo_scute":1,"minecraft:obsidian":29,"minecraft:mutton":10,"minecraft:cobblestone":189,"minecraft:white_wool":6,"minecraft:potato":6,"minecraft:tuff":9,"minecraft:oak_log":111,"minecraft:lapis_lazuli":14,"minecraft:dirt":26,"minecraft:bone":21,"minecraft:wheat_seeds":8,"minecraft:raw_gold":57,"minecraft:oak_planks":1,"minecraft:iron_sword":3,"minecraft:cooked_porkchop":7,"minecraft:dandelion":4,"minecraft:ink_sac":2,"minecraft:white_bed":2,"minecraft:spider_eye":2,"minecraft:diamond":86,"minecraft:granite":1,"minecraft:bread":2,"minecraft:oak_sapling":12,"minecraft:coal":138,"minecraft:diamond_pickaxe":2},"minecraft:killed":{"minecraft:armadillo":1,"minecraft:cave_spider":1,"minecraft:witch":2,"minecraft:spider":9,"minecraft:skeleton":19,"minecraft:pig":4,"minecraft:creeper":1,"minecraft:squid":1,"minecraft:sheep":5,"minecraft:zombie":62},"minecraft:custom":{"minecraft:mob_kills":111,"minecraft:interact_with_crafting_table":31,"minecraft:leave_game":1,"minecraft:time_since_death":156377,"minecraft:sprint_one_cm":411925,"minecraft:walk_one_cm":444740,"minecraft:damage_blocked_by_shield":4476,"minecraft:drop":41,"minecraft:play_time":178994,"minecraft:deaths":2,"minecraft:sneak_time":11801,"minecraft:walk_under_water_one_cm":7159,"minecraft:jump":2597,"minecraft:walk_on_water_one_cm":28004,"minecraft:total_world_time":178994,"minecraft:interact_with_furnace":23,"minecraft:interact_with_grindstone":1,"minecraft:time_since_rest":156513,"minecraft:damage_taken":4051,"minecraft:damage_dealt":20511,"minecraft:swim_one_cm":11514,"minecraft:fly_one_cm":444808,"minecraft:open_chest":6,"minecraft:crouch_one_cm":22504,"minecraft:fall_one_cm":62364},"minecraft:broken":{"minecraft:shield":1,"minecraft:stone_axe":1,"minecraft:iron_pickaxe":2},"minecraft:used":{"minecraft:stone_sword":9,"minecraft:shield":80,"minecraft:iron_sword":217,"minecraft:torch":90,"minecraft:dirt":26,"minecraft:lava_bucket":9,"minecraft:iron_axe":117,"minecraft:furnace":5,"minecraft:cobbled_deepslate":101,"minecraft:iron_leggings":1,"minecraft:cooked_mutton":2,"minecraft:water_bucket":40,"minecraft:stone_pickaxe":70,"minecraft:oak_planks":5,"minecraft:wooden_pickaxe":45,"minecraft:crafting_table":16,"minecraft:white_bed":2,"minecraft:diamond_pickaxe":297,"minecraft:bread":69,"minecraft:iron_pickaxe":710,"minecraft:stone_axe":144,"minecraft:cobblestone":95,"minecraft:cooked_porkchop":7,"minecraft:bucket":49},"minecraft:crafted":{"minecraft:oak_planks":48,"minecraft:furnace":3,"minecraft:raw_copper_block":3,"minecraft:cooked_mutton":5,"minecraft:diamond_block":8,"minecraft:iron_axe":2,"minecraft:stone_pickaxe":1,"minecraft:raw_iron_block":27,"minecraft:wheat":585,"minecraft:crafting_table":2,"minecraft:wooden_pickaxe":1,"minecraft:iron_sword":1,"minecraft:raw_gold_block":5,"minecraft:bucket":1,"minecraft:oak_wood":3,"minecraft:stone_axe":3,"minecraft:bread":196,"minecraft:air":0,"minecraft:iron_chestplate":1,"minecraft:diamond_pickaxe":1,"minecraft:shield":2,"minecraft:stick":12,"minecraft:iron_ingot":58,"minecraft:iron_pickaxe":3,"minecraft:stone_sword":1,"minecraft:iron_leggings":1,"minecraft:white_bed":1,"minecraft:torch":84}},"DataVersion":3953}