{"stats":{"minecraft:killed":{"minecraft:drowned":1,"minecraft:creeper":1},"minecraft:picked_up":{"minecraft:rotten_flesh":1,"minecraft:sand":104,"minecraft:oak_log":4,"minecraft:flowering_azalea":1},"minecraft:mined":{"minecraft:grass":3,"minecraft:oak_log":4,"minecraft:flowering_azalea_leaves":1,"minecraft:sand":78,"minecraft:azalea_leaves":2},"minecraft:dropped":{"minecraft:sand":16},"minecraft:custom":{"minecraft:time_since_rest":4220,"minecraft:crouch_one_cm":260,"minecraft:play_time":17257,"minecraft:sprint_one_cm":13605,"minecraft:walk_one_cm":34589,"minecraft:damage_taken":660,"minecraft:deaths":2,"minecraft:sneak_time":80,"minecraft:mob_kills":2,"minecraft:drop":16,"minecraft:jump":99,"minecraft:damage_dealt":479,"minecraft:leave_game":1,"minecraft:time_since_death":4191,"minecraft:total_world_time":17257,"minecraft:interact_with_crafting_table":2,"minecraft:fall_one_cm":2798,"minecraft:fly_one_cm":15987,"minecraft:player_kills":1},"minecraft:crafted":{"minecraft:oak_planks":16,"minecraft:crafting_table":1},"minecraft:killed_by":{"minecraft:drowned":1},"minecraft:used":{"minecraft:rotten_flesh":1,"minecraft:sand":13,"minecraft:crafting_table":1}},"DataVersion":3465}