{"stats":{"minecraft:killed_by":{"minecraft:skeleton":1,"minecraft:creeper":1,"minecraft:zombie":3},"minecraft:mined":{"minecraft:crafting_table":2,"minecraft:grass":6,"minecraft:grass_block":4,"minecraft:oak_log":4,"minecraft:jungle_log":4,"minecraft:sand":20,"minecraft:dirt":9,"minecraft:stone":35,"minecraft:netherrack":11,"minecraft:oak_leaves":8,"minecraft:fern":1},"minecraft:dropped":{"minecraft:sand":20},"minecraft:picked_up":{"minecraft:stick":1,"minecraft:crafting_table":2,"minecraft:jungle_log":6,"minecraft:sand":20,"minecraft:oak_log":5,"minecraft:dirt":13,"minecraft:bamboo":14,"minecraft:oak_sapling":1,"minecraft:netherrack":8,"minecraft:cobblestone":34},"minecraft:used":{"minecraft:wooden_pickaxe":35,"minecraft:golden_leggings":1,"minecraft:dirt":5,"minecraft:crafting_table":3,"minecraft:golden_pickaxe":11},"minecraft:crafted":{"minecraft:oak_planks":8,"minecraft:crafting_table":2,"minecraft:stick":8,"minecraft:wooden_pickaxe":1,"minecraft:stone_pickaxe":1,"minecraft:jungle_slab":6,"minecraft:jungle_planks":12},"minecraft:custom":{"minecraft:time_since_rest":3523,"minecraft:sprint_one_cm":37576,"minecraft:damage_taken":1511,"minecraft:walk_one_cm":31969,"minecraft:drop":20,"minecraft:damage_dealt":140,"minecraft:interact_with_crafting_table":3,"minecraft:fly_one_cm":38266,"minecraft:open_chest":3,"minecraft:crouch_one_cm":122,"minecraft:play_time":13086,"minecraft:deaths":5,"minecraft:sneak_time":61,"minecraft:walk_under_water_one_cm":28,"minecraft:jump":219,"minecraft:time_since_death":3495,"minecraft:walk_on_water_one_cm":366,"minecraft:climb_one_cm":765,"minecraft:total_world_time":13086,"minecraft:fall_one_cm":4536}},"DataVersion":3465}