{"stats":{"minecraft:killed_by":{"minecraft:skeleton":1,"minecraft:zombie":1},"minecraft:dropped":{"minecraft:wheat_seeds":1,"minecraft:wooden_pickaxe":1},"minecraft:mined":{"minecraft:hay_block":47,"minecraft:tall_seagrass":1,"minecraft:cactus":3,"minecraft:acacia_leaves":1,"minecraft:furnace":1,"minecraft:iron_ore":3,"minecraft:dandelion":3,"minecraft:crafting_table":4,"minecraft:granite":1,"minecraft:short_grass":53,"minecraft:acacia_log":4,"minecraft:coal_ore":41,"minecraft:grass_block":8,"minecraft:oak_log":103,"minecraft:poppy":7,"minecraft:dead_bush":32,"minecraft:dirt":11,"minecraft:fern":1,"minecraft:stone":69,"minecraft:sugar_cane":16,"minecraft:oak_leaves":46},"minecraft:picked_up":{"minecraft:raw_iron":3,"minecraft:stick":38,"minecraft:crafting_table":4,"minecraft:acacia_log":4,"minecraft:dandelion":3,"minecraft:oak_log":102,"minecraft:ink_sac":2,"minecraft:dirt":19,"minecraft:cactus":7,"minecraft:wheat_seeds":7,"minecraft:hay_block":47,"minecraft:granite":1,"minecraft:poppy":7,"minecraft:coal":41,"minecraft:oak_sapling":8,"minecraft:oak_planks":1,"minecraft:sugar_cane":33,"minecraft:mutton":5,"minecraft:white_wool":3,"minecraft:cobblestone":68,"minecraft:furnace":1},"minecraft:killed":{"minecraft:sheep":3,"minecraft:armadillo":1,"minecraft:squid":1},"minecraft:custom":{"minecraft:time_since_rest":7111,"minecraft:interact_with_furnace":6,"minecraft:sprint_one_cm":86721,"minecraft:damage_taken":588,"minecraft:walk_one_cm":72524,"minecraft:mob_kills":5,"minecraft:drop":2,"minecraft:damage_dealt":705,"minecraft:interact_with_crafting_table":8,"minecraft:swim_one_cm":5491,"minecraft:fly_one_cm":96215,"minecraft:open_chest":1,"minecraft:deaths":2,"minecraft:crouch_one_cm":1556,"minecraft:play_time":29592,"minecraft:sneak_time":536,"minecraft:walk_under_water_one_cm":501,"minecraft:jump":470,"minecraft:walk_on_water_one_cm":5645,"minecraft:time_since_death":6975,"minecraft:total_world_time":29592,"minecraft:fall_one_cm":10557},"minecraft:broken":{"minecraft:stone_axe":1},"minecraft:crafted":{"minecraft:oak_planks":32,"minecraft:crafting_table":2,"minecraft:stick":8,"minecraft:iron_ingot":3,"minecraft:wooden_pickaxe":1,"minecraft:stone_pickaxe":1,"minecraft:stone_sword":1,"minecraft:furnace":1,"minecraft:oak_wood":3,"minecraft:stone_axe":2,"minecraft:bread":33,"minecraft:air":0,"minecraft:cooked_mutton":5,"minecraft:wheat":99},"minecraft:used":{"minecraft:cooked_mutton":2,"minecraft:stone_sword":9,"minecraft:bread":3,"minecraft:stone_pickaxe":70,"minecraft:wooden_pickaxe":45,"minecraft:stone_axe":131,"minecraft:dirt":19,"minecraft:crafting_table":5,"minecraft:furnace":2}},"DataVersion":3953}