{"stats":{"minecraft:killed_by":{"minecraft:husk":1},"minecraft:mined":{"minecraft:furnace":2,"minecraft:crafting_table":4,"minecraft:grass_block":2,"minecraft:short_grass":7,"minecraft:oak_log":6,"minecraft:coal_ore":24,"minecraft:dead_bush":11,"minecraft:dirt":6,"minecraft:sand":28,"minecraft:stone":2,"minecraft:sugar_cane":6,"minecraft:oak_leaves":1,"minecraft:diorite":2,"minecraft:sandstone":28},"minecraft:picked_up":{"minecraft:stick":37,"minecraft:crafting_table":4,"minecraft:sandstone":65,"minecraft:leather":5,"minecraft:sand":45,"minecraft:oak_log":6,"minecraft:diorite":21,"minecraft:dirt":8,"minecraft:raw_copper":14,"minecraft:rabbit_hide":2,"minecraft:beef":6,"minecraft:rabbit":2,"minecraft:sugar_cane":42,"minecraft:coal":29,"minecraft:cobblestone":48,"minecraft:furnace":2},"minecraft:killed":{"minecraft:zombie":1,"minecraft:spider":1,"minecraft:rabbit":2,"minecraft:cow":3},"minecraft:custom":{"minecraft:time_since_rest":19512,"minecraft:interact_with_furnace":7,"minecraft:sprint_one_cm":77545,"minecraft:damage_taken":664,"minecraft:walk_one_cm":32479,"minecraft:mob_kills":7,"minecraft:damage_dealt":841,"minecraft:interact_with_crafting_table":4,"minecraft:swim_one_cm":22628,"minecraft:fly_one_cm":212537,"minecraft:crouch_one_cm":1942,"minecraft:play_time":25530,"minecraft:deaths":2,"minecraft:sneak_time":992,"minecraft:walk_under_water_one_cm":1416,"minecraft:jump":833,"minecraft:walk_on_water_one_cm":7736,"minecraft:time_since_death":19468,"minecraft:total_world_time":25530,"minecraft:fall_one_cm":23169},"minecraft:used":{"minecraft:stone_sword":9,"minecraft:stone_pickaxe":20,"minecraft:wooden_pickaxe":40,"minecraft:sandstone":51,"minecraft:torch":2,"minecraft:stone_axe":28,"minecraft:dirt":4,"minecraft:sand":16,"minecraft:crafting_table":4,"minecraft:furnace":2,"minecraft:cooked_rabbit":2,"minecraft:cooked_beef":3},"minecraft:crafted":{"minecraft:cooked_beef":6,"minecraft:oak_planks":24,"minecraft:stone_shovel":1,"minecraft:crafting_table":1,"minecraft:stick":8,"minecraft:wooden_pickaxe":1,"minecraft:stone_pickaxe":1,"minecraft:stone_sword":1,"minecraft:furnace":1,"minecraft:torch":16,"minecraft:stone_hoe":1,"minecraft:stone_axe":1,"minecraft:cooked_rabbit":2,"minecraft:air":0}},"DataVersion":3953}