{"stats":{"minecraft:killed_by":{"minecraft:husk":1,"minecraft:zombie":1},"minecraft:mined":{"minecraft:crafting_table":4,"minecraft:torch":1,"minecraft:short_grass":25,"minecraft:grass_block":3,"minecraft:chest":1,"minecraft:dead_bush":11,"minecraft:sugar_cane":10,"minecraft:oak_planks":11,"minecraft:sandstone":28,"minecraft:diorite":2,"minecraft:furnace":2,"minecraft:coal_ore":42,"minecraft:oak_log":72,"minecraft:sand":28,"minecraft:dirt":6,"minecraft:stone":11,"minecraft:oak_leaves":6},"minecraft:picked_up":{"minecraft:crafting_table":4,"minecraft:cooked_beef":9,"minecraft:feather":2,"minecraft:chicken":2,"minecraft:leather":9,"minecraft:oak_log":85,"minecraft:dirt":9,"minecraft:raw_copper":14,"minecraft:rabbit_hide":2,"minecraft:beef":16,"minecraft:stone_pickaxe":1,"minecraft:rabbit":2,"minecraft:sugar_cane":47,"minecraft:chest":1,"minecraft:oak_planks":26,"minecraft:furnace":2,"minecraft:stick":47,"minecraft:sandstone":65,"minecraft:torch":8,"minecraft:sand":45,"minecraft:diorite":21,"minecraft:stone_sword":1,"minecraft:rotten_flesh":2,"minecraft:stone_axe":1,"minecraft:oak_sapling":6,"minecraft:mutton":3,"minecraft:coal":47,"minecraft:white_wool":2,"minecraft:cobblestone":92},"minecraft:killed":{"minecraft:rabbit":2,"minecraft:spider":1,"minecraft:sheep":2,"minecraft:zombie":2,"minecraft:chicken":2,"minecraft:cow":7},"minecraft:custom":{"minecraft:interact_with_furnace":9,"minecraft:mob_kills":16,"minecraft:interact_with_crafting_table":9,"minecraft:time_since_death":7367,"minecraft:time_since_rest":7484,"minecraft:sprint_one_cm":161541,"minecraft:damage_taken":1264,"minecraft:walk_one_cm":65436,"minecraft:damage_dealt":2021,"minecraft:swim_one_cm":65471,"minecraft:fly_one_cm":399648,"minecraft:open_chest":3,"minecraft:crouch_one_cm":3599,"minecraft:play_time":49530,"minecraft:deaths":3,"minecraft:sneak_time":2029,"minecraft:walk_under_water_one_cm":3082,"minecraft:jump":1573,"minecraft:walk_on_water_one_cm":19165,"minecraft:total_world_time":49530,"minecraft:fall_one_cm":45997},"minecraft:broken":{"minecraft:stone_axe":1},"minecraft:used":{"minecraft:stone_sword":43,"minecraft:stone_pickaxe":49,"minecraft:oak_planks":79,"minecraft:chest":13,"minecraft:wooden_pickaxe":40,"minecraft:sandstone":51,"minecraft:sugar_cane":19,"minecraft:torch":10,"minecraft:dirt":4,"minecraft:sand":16,"minecraft:mutton":2,"minecraft:crafting_table":5,"minecraft:oak_log":12,"minecraft:stone_axe":116,"minecraft:furnace":3,"minecraft:cooked_rabbit":2,"minecraft:cooked_beef":7},"minecraft:crafted":{"minecraft:cooked_beef":16,"minecraft:oak_planks":188,"minecraft:stone_shovel":1,"minecraft:crafting_table":1,"minecraft:wooden_pickaxe":1,"minecraft:furnace":1,"minecraft:stone_axe":2,"minecraft:air":0,"minecraft:stick":8,"minecraft:stone_pickaxe":1,"minecraft:stone_sword":1,"minecraft:chest":12,"minecraft:torch":16,"minecraft:stone_hoe":1,"minecraft:cooked_rabbit":2}},"DataVersion":3953}