{"stats":{"minecraft:killed_by":{"minecraft:husk":1},"minecraft:mined":{"minecraft:coal_ore":10,"minecraft:oak_log":6,"minecraft:dead_bush":10,"minecraft:sand":28,"minecraft:stone":1,"minecraft:diorite":2,"minecraft:sugar_cane":6,"minecraft:sandstone":25,"minecraft:crafting_table":1,"minecraft:oak_leaves":1},"minecraft:picked_up":{"minecraft:raw_copper":14,"minecraft:sandstone":62,"minecraft:crafting_table":1,"minecraft:stick":36,"minecraft:sand":45,"minecraft:coal":10,"minecraft:oak_log":6,"minecraft:diorite":21,"minecraft:sugar_cane":42,"minecraft:cobblestone":47},"minecraft:custom":{"minecraft:time_since_rest":7512,"minecraft:crouch_one_cm":782,"minecraft:walk_one_cm":14135,"minecraft:play_time":13530,"minecraft:sprint_one_cm":46984,"minecraft:damage_taken":464,"minecraft:deaths":2,"minecraft:sneak_time":613,"minecraft:walk_under_water_one_cm":513,"minecraft:jump":469,"minecraft:damage_dealt":120,"minecraft:time_since_death":7468,"minecraft:walk_on_water_one_cm":4020,"minecraft:total_world_time":13530,"minecraft:swim_one_cm":11807,"minecraft:interact_with_crafting_table":1,"minecraft:fall_one_cm":15514,"minecraft:fly_one_cm":137452},"minecraft:used":{"minecraft:sand":9,"minecraft:crafting_table":1,"minecraft:sandstone":17,"minecraft:wooden_pickaxe":40},"minecraft:crafted":{"minecraft:oak_planks":24,"minecraft:crafting_table":1,"minecraft:stick":8,"minecraft:wooden_pickaxe":1}},"DataVersion":3953}