{"stats":{"minecraft:mined":{"minecraft:sugar_cane":3},"minecraft:picked_up":{"minecraft:sugar_cane":7},"minecraft:custom":{"minecraft:jump":61,"minecraft:time_since_rest":1530,"minecraft:sprint_one_cm":7182,"minecraft:play_time":1530,"minecraft:walk_on_water_one_cm":2047,"minecraft:time_since_death":1530,"minecraft:walk_one_cm":856,"minecraft:total_world_time":1530,"minecraft:walk_under_water_one_cm":133,"minecraft:swim_one_cm":5818,"minecraft:fall_one_cm":2624,"minecraft:fly_one_cm":19925}},"DataVersion":3953}