{"stats":{"minecraft:killed_by":{"minecraft:husk":1,"minecraft:zombie":1},"minecraft:mined":{"minecraft:oak_door":1,"minecraft:crafting_table":4,"minecraft:torch":1,"minecraft:short_grass":50,"minecraft:grass_block":4,"minecraft:melon":28,"minecraft:chest":1,"minecraft:dead_bush":11,"minecraft:sugar_cane":11,"minecraft:oak_planks":15,"minecraft:sandstone":28,"minecraft:diorite":2,"minecraft:furnace":2,"minecraft:coal_ore":42,"minecraft:oak_log":72,"minecraft:cobblestone_slab":2,"minecraft:sand":28,"minecraft:dirt":6,"minecraft:stone":13,"minecraft:oak_leaves":6,"minecraft:fern":3},"minecraft:picked_up":{"minecraft:crafting_table":4,"minecraft:cooked_beef":9,"minecraft:feather":2,"minecraft:chicken":2,"minecraft:leather":9,"minecraft:oak_log":85,"minecraft:dirt":10,"minecraft:raw_copper":14,"minecraft:wheat_seeds":4,"minecraft:rabbit_hide":2,"minecraft:beef":16,"minecraft:stone_pickaxe":1,"minecraft:cobblestone_slab":3,"minecraft:rabbit":2,"minecraft:melon_slice":144,"minecraft:sugar_cane":48,"minecraft:chest":1,"minecraft:oak_planks":30,"minecraft:furnace":2,"minecraft:stick":47,"minecraft:sandstone":65,"minecraft:oak_door":1,"minecraft:torch":8,"minecraft:sand":45,"minecraft:diorite":21,"minecraft:stone_sword":1,"minecraft:rotten_flesh":2,"minecraft:stone_axe":1,"minecraft:oak_sapling":6,"minecraft:mutton":5,"minecraft:coal":47,"minecraft:white_wool":3,"minecraft:cobblestone":94},"minecraft:killed":{"minecraft:rabbit":2,"minecraft:spider":1,"minecraft:sheep":2,"minecraft:zombie":3,"minecraft:chicken":2,"minecraft:cow":7},"minecraft:custom":{"minecraft:interact_with_furnace":11,"minecraft:mob_kills":18,"minecraft:interact_with_crafting_table":12,"minecraft:time_since_death":19367,"minecraft:climb_one_cm":60,"minecraft:time_since_rest":19484,"minecraft:sprint_one_cm":198238,"minecraft:damage_taken":1314,"minecraft:walk_one_cm":87515,"minecraft:damage_dealt":2294,"minecraft:swim_one_cm":75020,"minecraft:fly_one_cm":473686,"minecraft:open_chest":13,"minecraft:crouch_one_cm":9266,"minecraft:play_time":61530,"minecraft:deaths":3,"minecraft:sneak_time":3357,"minecraft:walk_under_water_one_cm":3335,"minecraft:jump":1848,"minecraft:walk_on_water_one_cm":22537,"minecraft:total_world_time":61530,"minecraft:fall_one_cm":51496},"minecraft:broken":{"minecraft:stone_axe":1},"minecraft:used":{"minecraft:wheat_seeds":4,"minecraft:stone_sword":45,"minecraft:stone_pickaxe":53,"minecraft:oak_planks":85,"minecraft:chest":13,"minecraft:wooden_pickaxe":40,"minecraft:sandstone":51,"minecraft:cobblestone_slab":69,"minecraft:sugar_cane":20,"minecraft:stone_hoe":10,"minecraft:oak_door":3,"minecraft:torch":14,"minecraft:dirt":4,"minecraft:sand":16,"minecraft:mutton":2,"minecraft:crafting_table":5,"minecraft:white_bed":1,"minecraft:oak_log":12,"minecraft:melon_seeds":3,"minecraft:stone_axe":166,"minecraft:furnace":3,"minecraft:cooked_rabbit":2,"minecraft:cooked_beef":11},"minecraft:crafted":{"minecraft:cooked_beef":16,"minecraft:oak_door":3,"minecraft:oak_planks":188,"minecraft:cobblestone_slab":66,"minecraft:stone_shovel":1,"minecraft:crafting_table":1,"minecraft:cooked_chicken":2,"minecraft:wooden_pickaxe":1,"minecraft:furnace":1,"minecraft:stone_axe":2,"minecraft:air":0,"minecraft:melon_seeds":3,"minecraft:stick":8,"minecraft:stone_pickaxe":1,"minecraft:stone_sword":1,"minecraft:chest":12,"minecraft:white_bed":1,"minecraft:torch":16,"minecraft:stone_hoe":1,"minecraft:cooked_rabbit":2}},"DataVersion":3953}