{"stats":{"minecraft:killed_by":{"minecraft:husk":1},"minecraft:mined":{"minecraft:furnace":2,"minecraft:crafting_table":4,"minecraft:grass_block":2,"minecraft:short_grass":20,"minecraft:oak_log":46,"minecraft:coal_ore":42,"minecraft:chest":1,"minecraft:dead_bush":11,"minecraft:dirt":6,"minecraft:sand":28,"minecraft:oak_planks":3,"minecraft:stone":11,"minecraft:sugar_cane":10,"minecraft:oak_leaves":3,"minecraft:diorite":2,"minecraft:sandstone":28},"minecraft:picked_up":{"minecraft:feather":2,"minecraft:stick":39,"minecraft:crafting_table":4,"minecraft:sandstone":65,"minecraft:chicken":2,"minecraft:leather":9,"minecraft:sand":45,"minecraft:oak_log":45,"minecraft:diorite":21,"minecraft:dirt":8,"minecraft:raw_copper":14,"minecraft:rotten_flesh":2,"minecraft:rabbit_hide":2,"minecraft:beef":16,"minecraft:oak_sapling":4,"minecraft:oak_planks":3,"minecraft:rabbit":2,"minecraft:chest":1,"minecraft:sugar_cane":47,"minecraft:coal":47,"minecraft:cobblestone":57,"minecraft:furnace":2},"minecraft:killed":{"minecraft:zombie":2,"minecraft:chicken":2,"minecraft:spider":1,"minecraft:rabbit":2,"minecraft:cow":7},"minecraft:custom":{"minecraft:time_since_rest":31512,"minecraft:interact_with_furnace":9,"minecraft:sprint_one_cm":117696,"minecraft:damage_taken":794,"minecraft:walk_one_cm":53034,"minecraft:mob_kills":14,"minecraft:damage_dealt":1520,"minecraft:open_chest":2,"minecraft:interact_with_crafting_table":8,"minecraft:swim_one_cm":29106,"minecraft:fly_one_cm":287581,"minecraft:crouch_one_cm":2974,"minecraft:play_time":37530,"minecraft:deaths":2,"minecraft:sneak_time":1627,"minecraft:walk_under_water_one_cm":2216,"minecraft:jump":1148,"minecraft:walk_on_water_one_cm":12095,"minecraft:time_since_death":31468,"minecraft:total_world_time":37530,"minecraft:fall_one_cm":31675},"minecraft:used":{"minecraft:stone_sword":21,"minecraft:stone_pickaxe":47,"minecraft:oak_planks":24,"minecraft:chest":13,"minecraft:wooden_pickaxe":40,"minecraft:sandstone":51,"minecraft:sugar_cane":19,"minecraft:torch":9,"minecraft:stone_axe":80,"minecraft:dirt":4,"minecraft:sand":16,"minecraft:crafting_table":5,"minecraft:furnace":3,"minecraft:cooked_rabbit":2,"minecraft:cooked_beef":6},"minecraft:crafted":{"minecraft:cooked_beef":16,"minecraft:oak_planks":128,"minecraft:stone_shovel":1,"minecraft:crafting_table":1,"minecraft:stick":8,"minecraft:wooden_pickaxe":1,"minecraft:stone_pickaxe":1,"minecraft:chest":12,"minecraft:stone_sword":1,"minecraft:furnace":1,"minecraft:torch":16,"minecraft:stone_hoe":1,"minecraft:stone_axe":1,"minecraft:cooked_rabbit":2,"minecraft:air":0}},"DataVersion":3953}